[Header],,,,
EMFileVersion,4,,,
[Reads],,,,
28,,,,
90,,,,
,,,,
[Data],,,,
Sample_ID,Sample_Name,index,index2,Original_Sample_ID
R010_LMO_GEX-1,R010_LMO_GEX-1,ACAATGTGAA,TAACGGTACG,R010_LMO_GEX-1
R010_LMO_GEX-2,R010_LMO_GEX-2,TAGCATAGTG,GACAGAGCCG,R010_LMO_GEX-2
R010_LMO_GEX-3,R010_LMO_GEX-3,CCCGTTCTCG,CCAATCCGTC,R010_LMO_GEX-3
R010_LMO_GEX-4,R010_LMO_GEX-4,AGTTTCCTGG,CTGTGTGGCA,R010_LMO_GEX-4
R010_CMO_GEX-1,R010_CMO_GEX-1,AGCAAGAAGC,AGAAACACAA,R010_CMO_GEX-1
R010_CMO_GEX-2,R010_CMO_GEX-2,CCTATCCTCG,GTTAGTATTC,R010_CMO_GEX-2
R010_CMO_GEX-3,R010_CMO_GEX-3,ACCTCGAGCT,ATCGAACACA,R010_CMO_GEX-3
R010_CMO_GEX-4,R010_CMO_GEX-4,ATAAGGATAC,CCCTATCTAT,R010_CMO_GEX-4
R010_NXT_GEX-1,R010_NXT_GEX-1,AGAACTTAGA,AAAGGACTCG,R010_NXT_GEX-1
R010_NXT_GEX-2,R010_NXT_GEX-2,TTATCTAGGG,TAGAGCCTTT,R010_NXT_GEX-2
R010_NXT_GEX-3,R010_NXT_GEX-3,ACAATCGATC,CATTCCGTCA,R010_NXT_GEX-3
R010_NXT_GEX-4,R010_NXT_GEX-4,TGATGATTCA,CGACTCCTAC,R010_NXT_GEX-4
R010_CMO_CMO-1,R010_CMO_CMO-1,AACTTCTTTG,TACCGCTTAT,R010_CMO_CMO-1
R010_CMO_CMO-2,R010_CMO_CMO-2,GAATGACTTG,AGCGAGCTCA,R010_CMO_CMO-2
R010_CMO_CMO-3,R010_CMO_CMO-3,GACGTACGGA,AAAGCGAGGT,R010_CMO_CMO-3
R010_CMO_CMO-4,R010_CMO_CMO-4,CATCCCTCGG,CGCCTACCCT,R010_CMO_CMO-4
R010_NXT_NXT-1,R010_NXT_NXT-1,TAGCTTGCGT,CTTTAGCAGC,R010_NXT_NXT-1
R010_NXT_NXT-2,R010_NXT_NXT-2,CTCATGACAT,GTGCGGAACA,R010_NXT_NXT-2
R010_NXT_NXT-3,R010_NXT_NXT-3,TACTTCGCAT,CGACACCGTT,R010_NXT_NXT-3
R010_NXT_NXT-4,R010_NXT_NXT-4,TCCAACAACG,AAACCCGGAC,R010_NXT_NXT-4
