[Header],,,
EMFileVersion,4,,
[Reads],,,
28,,,
90,,,
,,,
[Data],,,
Sample_ID,Sample_Name,index,Original_Sample_ID
JMP_LMO_GEX-1,JMP_LMO_GEX-1,ACAATGTGAA,JMP_LMO_GEX-1
JMP_LMO_GEX-2,JMP_LMO_GEX-2,TAGCATAGTG,JMP_LMO_GEX-2
JMP_LMO_GEX-3,JMP_LMO_GEX-3,CCCGTTCTCG,JMP_LMO_GEX-3
JMP_LMO_GEX-4,JMP_LMO_GEX-4,AGTTTCCTGG,JMP_LMO_GEX-4
JMP_CMO_GEX-1,JMP_CMO_GEX-1,AGCAAGAAGC,JMP_CMO_GEX-1
JMP_CMO_GEX-2,JMP_CMO_GEX-2,CCTATCCTCG,JMP_CMO_GEX-2
JMP_CMO_GEX-3,JMP_CMO_GEX-3,ACCTCGAGCT,JMP_CMO_GEX-3
JMP_CMO_GEX-4,JMP_CMO_GEX-4,ATAAGGATAC,JMP_CMO_GEX-4
JMP_NXT_GEX-1,JMP_NXT_GEX-1,AGAACTTAGA,JMP_NXT_GEX-1
JMP_NXT_GEX-2,JMP_NXT_GEX-2,TTATCTAGGG,JMP_NXT_GEX-2
JMP_NXT_GEX-3,JMP_NXT_GEX-3,ACAATCGATC,JMP_NXT_GEX-3
JMP_NXT_GEX-4,JMP_NXT_GEX-4,TGATGATTCA,JMP_NXT_GEX-4
UTD_LMO_GEX,UTD_LMO_GEX,GCCCGATGGA,UTD_LMO_GEX
UTD_CMO_GEX,UTD_CMO_GEX,TCTTACTTGC,UTD_CMO_GEX
UTD_NXT_GEX,UTD_NXT_GEX,CGTCAAGGGC,UTD_NXT_GEX

