id,name,read,pattern,sequence,feature_type
Nxt_451,Nxt_451,R2,5P(BC),TTCCTGCCATTACTA,Multiplexing Capture
Nxt_452,Nxt_452,R2,5P(BC),CCGTACCTCATTGTT,Multiplexing Capture
Nxt_453,Nxt_453,R2,5P(BC),GGTAGATGTCCTCAG,Multiplexing Capture
Nxt_455,Nxt_455,R2,5P(BC),ATGATGAACAGCCAG,Multiplexing Capture
Nxt_456,Nxt_456,R2,5P(BC),CTCGAACGCTTATCG,Multiplexing Capture
Nxt_457,Nxt_457,R2,5P(BC),CTTATCACCGCTCAA,Multiplexing Capture
Nxt_458,Nxt_458,R2,5P(BC),TGACGCCGTTGTTGT,Multiplexing Capture
Nxt_459,Nxt_459,R2,5P(BC),GCCTAGTATGATCCA,Multiplexing Capture
Nxt_460,Nxt_460,R2,5P(BC),AGTCACAGTATTCCA,Multiplexing Capture
Nxt_462,Nxt_462,R2,5P(BC),AACGCCAGTATGAAC,Multiplexing Capture
Nxt_463,Nxt_463,R2,5P(BC),GCTTCCGTATATCTG,Multiplexing Capture
Nxt_465,Nxt_465,R2,5P(BC),CACTAGAGCTTGGAT,Multiplexing Capture