cell_barcode,num_features,feature_call,num_umis,Protocol
AACGAAAGTGCACATT-1,2,HTO_1|HTO_2,1522|1920,Hashtag Ab
AACGGGAAGGGAGGTG-1,2,HTO_1|HTO_2,1266|2002,Hashtag Ab
AAGACTCTCACGGTCG-1,2,HTO_1|HTO_2,1309|1444,Hashtag Ab
ACACCAATCAGTCCGG-1,2,HTO_1|HTO_2,3592|3368,Hashtag Ab
ACAGAAACAGGTAGTG-1,2,HTO_1|HTO_2,1648|706,Hashtag Ab
ACTATTCTCGGCCTTT-1,2,HTO_1|HTO_2,2780|5541,Hashtag Ab
AGAACCTCAACCGCCA-1,2,HTO_1|HTO_2,1489|576,Hashtag Ab
ATACCGAAGAGTAACT-1,2,HTO_1|HTO_2,1866|3224,Hashtag Ab
ATACCGAGTTTCACAG-1,2,HTO_1|HTO_2,1750|1127,Hashtag Ab
CAACGGCCAGAAGCTG-1,2,HTO_1|HTO_2,1764|1089,Hashtag Ab
CAAGCTAGTTCGGACC-1,2,HTO_1|HTO_2,1153|1451,Hashtag Ab
CACAGATAGGAGGCAG-1,2,HTO_1|HTO_2,1266|1313,Hashtag Ab
CATAAGCCACCCAATA-1,2,HTO_1|HTO_2,1220|1544,Hashtag Ab
CATGAGTGTTCGTACA-1,2,HTO_1|HTO_2,3010|643,Hashtag Ab
CATTCATCAAATCGGG-1,2,HTO_1|HTO_2,1857|3000,Hashtag Ab
CATTGTTTCCTGGCTT-1,2,HTO_1|HTO_2,1649|1159,Hashtag Ab
CCCTCTCAGTGATCGG-1,2,HTO_1|HTO_2,1275|1071,Hashtag Ab
CGGAATTGTAGCCAGA-1,2,HTO_1|HTO_2,1102|1813,Hashtag Ab
CGGACACGTGGTCTCG-1,2,HTO_1|HTO_2,1214|2049,Hashtag Ab
CGGGCATCATGTGCCG-1,2,HTO_1|HTO_2,1920|766,Hashtag Ab
CGTCAAATCGCAAGAG-1,2,HTO_1|HTO_2,1734|2036,Hashtag Ab
CTACAGATCGGTTAGT-1,2,HTO_1|HTO_2,1207|661,Hashtag Ab
CTCAGGGGTCGCGTCA-1,2,HTO_1|HTO_2,2171|4470,Hashtag Ab
CTCGAGGCAATTAGGA-1,2,HTO_1|HTO_2,1039|3532,Hashtag Ab
CTGATCCCACTGAATC-1,2,HTO_1|HTO_2,1805|986,Hashtag Ab
CTGTCGTAGACTTCAC-1,2,HTO_1|HTO_2,1580|7348,Hashtag Ab
GAGAGGTCAACTCATG-1,2,HTO_1|HTO_2,1577|3534,Hashtag Ab
GATAGAAGTTCTTGTT-1,2,HTO_1|HTO_2,1869|445,Hashtag Ab
GATCCCTAGCAGGTCA-1,2,HTO_1|HTO_2,1220|640,Hashtag Ab
GCATCGGGTTTCCATT-1,2,HTO_1|HTO_2,1115|1220,Hashtag Ab
GCTACCTGTTCACCGG-1,2,HTO_1|HTO_2,1582|1984,Hashtag Ab
GGGTTATCACGCAAAG-1,2,HTO_1|HTO_2,1353|792,Hashtag Ab
GTATTGGCAGACGATG-1,2,HTO_1|HTO_2,1593|728,Hashtag Ab
GTCGTAACATCACCAA-1,2,HTO_1|HTO_2,1295|1063,Hashtag Ab
GTCGTTCCACGATAGG-1,2,HTO_1|HTO_2,3456|2454,Hashtag Ab
GTGCAGCGTCCTGTTC-1,2,HTO_1|HTO_2,1201|275,Hashtag Ab
GTTGCTCTCACAAGGG-1,2,HTO_1|HTO_2,3502|17370,Hashtag Ab
TAATTCCCACGGCGTT-1,2,HTO_1|HTO_2,1441|1013,Hashtag Ab
TACAGGTGTACGAGTG-1,2,HTO_1|HTO_2,1092|6450,Hashtag Ab
TAGGTTGAGCGAGTCA-1,2,HTO_1|HTO_2,1133|1625,Hashtag Ab
TCCACCATCTCGGTCT-1,2,HTO_1|HTO_2,1674|660,Hashtag Ab
TCCGAAATCCAAACCA-1,2,HTO_1|HTO_2,1530|834,Hashtag Ab
TCCTGCACAGTCCGTG-1,2,HTO_1|HTO_2,4964|3088,Hashtag Ab
TCTCTGGAGTTCCGGC-1,2,HTO_1|HTO_2,1378|930,Hashtag Ab
TCTTCCTAGGCCACCT-1,2,HTO_1|HTO_2,1521|1284,Hashtag Ab
TGACGCGCAGAGTTCT-1,2,HTO_1|HTO_2,1113|1182,Hashtag Ab
TGCAGGCAGTCTGCAT-1,2,HTO_1|HTO_2,1081|1589,Hashtag Ab
TGGAGAGGTCACAGAG-1,2,HTO_1|HTO_2,2537|315,Hashtag Ab
TGTGATGTCATCGCTC-1,2,HTO_1|HTO_2,1082|824,Hashtag Ab
TGTTCTATCGAACCAT-1,2,HTO_1|HTO_2,2737|2425,Hashtag Ab
AAACCCATCCGAGAAG-1,2,HTO_3|HTO_4,856|835,Hashtag Ab
AAAGGATCACAATCTG-1,2,HTO_3|HTO_4,198|67,Hashtag Ab
AACAGGGTCATTCGGA-1,2,HTO_3|HTO_4,480|77,Hashtag Ab
AACCAACCAAATCCCA-1,2,HTO_3|HTO_4,79|146,Hashtag Ab
AACCCAAGTTAGGACG-1,2,HTO_3|HTO_4,84|153,Hashtag Ab
AACGTCACAATCTCGA-1,2,HTO_3|HTO_4,317|161,Hashtag Ab
AAGAACAAGTCCTGCG-1,2,HTO_3|HTO_4,121|258,Hashtag Ab
AAGAACAGTCGCGTCA-1,2,HTO_3|HTO_4,109|62,Hashtag Ab
AAGCCATTCGTTACCC-1,2,HTO_3|HTO_4,102|43,Hashtag Ab
AAGGAATAGAGTACCG-1,2,HTO_3|HTO_4,143|187,Hashtag Ab
AATGAAGCATAAGCGG-1,2,HTO_3|HTO_4,868|158,Hashtag Ab
AATGGAATCTGTGTGA-1,2,HTO_3|HTO_4,110|140,Hashtag Ab
AGACAAAGTATCGTAC-1,2,HTO_3|HTO_4,166|134,Hashtag Ab
AGATCGTGTGACAACG-1,2,HTO_3|HTO_4,189|179,Hashtag Ab
AGCGTATGTTCAGCTA-1,2,HTO_3|HTO_4,300|55,Hashtag Ab
AGGGAGTTCTTGGAAC-1,2,HTO_3|HTO_4,506|175,Hashtag Ab
AGTCAACGTTGTTGTG-1,2,HTO_3|HTO_4,280|69,Hashtag Ab
AGTCATGCAGAGTTCT-1,2,HTO_3|HTO_4,78|198,Hashtag Ab
ATGCCTCTCTATTTCG-1,2,HTO_3|HTO_4,192|221,Hashtag Ab
ATTCTACCAAGTATCC-1,2,HTO_3|HTO_4,224|98,Hashtag Ab
CACGTGGTCGAGTACT-1,2,HTO_3|HTO_4,272|139,Hashtag Ab
CAGGCCAAGCCGGAAT-1,2,HTO_3|HTO_4,429|59,Hashtag Ab
CAGGTATCATGTGCCG-1,2,HTO_3|HTO_4,107|174,Hashtag Ab
CAGTGCGGTGCCGAAA-1,2,HTO_3|HTO_4,210|218,Hashtag Ab
CAGTGCGGTTCAGCGC-1,2,HTO_3|HTO_4,245|56,Hashtag Ab
CATAAGCCAAACTAGA-1,2,HTO_3|HTO_4,74|127,Hashtag Ab
CATACTTTCCGTACGG-1,2,HTO_3|HTO_4,118|193,Hashtag Ab
CATGGTACAGAACTAA-1,2,HTO_3|HTO_4,71|85,Hashtag Ab
CCACCATAGAAGAACG-1,2,HTO_3|HTO_4,102|93,Hashtag Ab
CCACGAGGTCAAGCCC-1,2,HTO_3|HTO_4,218|87,Hashtag Ab
CCCTCTCAGCGACAGT-1,2,HTO_3|HTO_4,104|159,Hashtag Ab
CCGGTAGAGCATTTGC-1,2,HTO_3|HTO_4,270|197,Hashtag Ab
CCTCACACATCGTTCC-1,2,HTO_3|HTO_4,427|223,Hashtag Ab
CCTTCAGTCTAACGGT-1,2,HTO_3|HTO_4,348|408,Hashtag Ab
CGAGTGCAGCCTAGGA-1,2,HTO_3|HTO_4,412|169,Hashtag Ab
CGATGGCCATGGCTGC-1,2,HTO_3|HTO_4,432|75,Hashtag Ab
CGGTCAGAGACCGCCT-1,2,HTO_3|HTO_4,776|335,Hashtag Ab
CTCCGATTCAGCTTGA-1,2,HTO_3|HTO_4,163|315,Hashtag Ab
CTTACCGTCCCATGGG-1,2,HTO_3|HTO_4,182|46,Hashtag Ab
CTTCCGACAAGTGGAC-1,2,HTO_3|HTO_4,115|64,Hashtag Ab
GAACTGTGTGCTATTG-1,2,HTO_3|HTO_4,271|50,Hashtag Ab
GAAGAATCATCAGCTA-1,2,HTO_3|HTO_4,437|75,Hashtag Ab
GACCCTTGTAAGCGGT-1,2,HTO_3|HTO_4,199|171,Hashtag Ab
GAGTGAGCAGTCTGGC-1,2,HTO_3|HTO_4,62|65,Hashtag Ab
GATTCGAAGGCGAACT-1,2,HTO_3|HTO_4,70|78,Hashtag Ab
GCACGTGCACTCCTGT-1,2,HTO_3|HTO_4,139|50,Hashtag Ab
GCATTAGGTATGGTAA-1,2,HTO_3|HTO_4,109|42,Hashtag Ab
GCCAGCAAGTATAGAC-1,2,HTO_3|HTO_4,118|101,Hashtag Ab
GCCAGGTAGCTCCGAC-1,2,HTO_3|HTO_4,436|403,Hashtag Ab
GCGTTTCAGTAGGCCA-1,2,HTO_3|HTO_4,498|80,Hashtag Ab
GCTGGGTAGCGCCTTG-1,2,HTO_3|HTO_4,66|59,Hashtag Ab
GCTTGGGTCGGCTGGT-1,2,HTO_3|HTO_4,84|129,Hashtag Ab
GGAACCCGTCTCTCAC-1,2,HTO_3|HTO_4,329|71,Hashtag Ab
GGATCTAAGCGACATG-1,2,HTO_3|HTO_4,221|44,Hashtag Ab
GGGAAGTTCCACACAA-1,2,HTO_3|HTO_4,376|170,Hashtag Ab
GGGCTACGTGAGATTA-1,2,HTO_3|HTO_4,145|128,Hashtag Ab
GGTGAAGCACTCTAGA-1,2,HTO_3|HTO_4,128|102,Hashtag Ab
GTAGTACCAGGAGACT-1,2,HTO_3|HTO_4,167|65,Hashtag Ab
GTCATCCCACACGGAA-1,2,HTO_3|HTO_4,110|66,Hashtag Ab
GTCCACTAGTAGACAT-1,2,HTO_3|HTO_4,585|184,Hashtag Ab
GTCCCATAGTTCCGTA-1,2,HTO_3|HTO_4,103|128,Hashtag Ab
GTCTTTAAGACCATTC-1,2,HTO_3|HTO_4,168|43,Hashtag Ab
GTGAGTTTCTCTGGTC-1,2,HTO_3|HTO_4,305|49,Hashtag Ab
GTGCTGGAGAACAGGA-1,2,HTO_3|HTO_4,901|105,Hashtag Ab
GTGGGAAGTTAGGGAC-1,2,HTO_3|HTO_4,173|53,Hashtag Ab
GTTGTGAGTTATTCTC-1,2,HTO_3|HTO_4,208|161,Hashtag Ab
TAACACGGTGGGTATG-1,2,HTO_3|HTO_4,174|57,Hashtag Ab
TATACCTCAGCACGAA-1,2,HTO_3|HTO_4,387|135,Hashtag Ab
TATCAGGTCCACTTTA-1,2,HTO_3|HTO_4,194|108,Hashtag Ab
TATCCTACAGAGAAAG-1,2,HTO_3|HTO_4,203|58,Hashtag Ab
TATTGCTTCCGATAAC-1,2,HTO_3|HTO_4,208|67,Hashtag Ab
TCACGCTTCTCGGTAA-1,2,HTO_3|HTO_4,104|129,Hashtag Ab
TCATATCGTCCGATCG-1,2,HTO_3|HTO_4,170|117,Hashtag Ab
TCATGCCAGAAGAACG-1,2,HTO_3|HTO_4,127|176,Hashtag Ab
TCCCATGCAAATGAAC-1,2,HTO_3|HTO_4,126|112,Hashtag Ab
TCCGAAAAGATGCAGC-1,2,HTO_3|HTO_4,331|69,Hashtag Ab
TCGACGGTCGCATAGT-1,2,HTO_3|HTO_4,351|127,Hashtag Ab
TCTGGCTAGATAGCTA-1,2,HTO_3|HTO_4,214|59,Hashtag Ab
TCTGGCTGTAACAGGC-1,2,HTO_3|HTO_4,94|49,Hashtag Ab
TGAATGCTCGTGGAAG-1,2,HTO_3|HTO_4,217|81,Hashtag Ab
TGACGCGGTGGAACCA-1,2,HTO_3|HTO_4,488|719,Hashtag Ab
TGAGGTTGTCACTAGT-1,2,HTO_3|HTO_4,193|231,Hashtag Ab
TGCTCCACAGAACTTC-1,2,HTO_3|HTO_4,82|119,Hashtag Ab
TGCTCGTGTCACTTAG-1,2,HTO_3|HTO_4,325|73,Hashtag Ab
TGCTTGCCATACCATG-1,2,HTO_3|HTO_4,490|408,Hashtag Ab
TGTCCACGTCCGCAGT-1,2,HTO_3|HTO_4,73|167,Hashtag Ab
TTCAATCCAGATAAAC-1,2,HTO_3|HTO_4,265|151,Hashtag Ab
TTGATGGGTCTGTGCG-1,2,HTO_3|HTO_4,553|233,Hashtag Ab
TTGATGGTCACGGAGA-1,2,HTO_3|HTO_4,302|122,Hashtag Ab
TTTCAGTCACGTAGAG-1,2,HTO_3|HTO_4,281|175,Hashtag Ab
TTTCAGTGTCCATCTC-1,2,HTO_3|HTO_4,223|120,Hashtag Ab
TTTCCTCAGTTACGAA-1,2,HTO_3|HTO_4,63|48,Hashtag Ab
AAAGGGCTCCTGGTCT-1,2,HTO_5|HTO_6,706|108,Hashtag Ab
AAAGGTAGTTACCGTA-1,2,HTO_5|HTO_6,1335|55,Hashtag Ab
AAAGTGACAGTCCCGA-1,2,HTO_5|HTO_6,1315|250,Hashtag Ab
AAGACAACATTGAAAG-1,2,HTO_5|HTO_6,138|132,Hashtag Ab
AAGCATCTCTACTGCC-1,2,HTO_5|HTO_6,1873|419,Hashtag Ab
AAGTACCCAACAACAA-1,2,HTO_5|HTO_6,1088|1671,Hashtag Ab
AAGTACCGTCTCTCCA-1,2,HTO_5|HTO_6,256|185,Hashtag Ab
AATGAAGCAGCACGAA-1,2,HTO_5|HTO_6,482|57,Hashtag Ab
ACATTTCCATCTGGGC-1,2,HTO_5|HTO_6,989|892,Hashtag Ab
ACCAACACAAGTTCCA-1,2,HTO_5|HTO_6,913|313,Hashtag Ab
ACCTGAAAGGTAAGTT-1,2,HTO_5|HTO_6,1607|285,Hashtag Ab
ACCTGTCCATGTGGCC-1,2,HTO_5|HTO_6,1307|221,Hashtag Ab
ACGGAAGTCGTTCTGC-1,2,HTO_5|HTO_6,2376|191,Hashtag Ab
ACGTTCCTCCCTTGGT-1,2,HTO_5|HTO_6,815|589,Hashtag Ab
ACTATGGAGTGCACCC-1,2,HTO_5|HTO_6,948|486,Hashtag Ab
ACTATTCCAGTTCACA-1,2,HTO_5|HTO_6,436|244,Hashtag Ab
ACTGTCCTCAAAGACA-1,2,HTO_5|HTO_6,674|149,Hashtag Ab
ACTGTGATCTGAATGC-1,2,HTO_5|HTO_6,1933|448,Hashtag Ab
ACTTATCCATTGAGGG-1,2,HTO_5|HTO_6,2366|195,Hashtag Ab
ACTTTCAAGCTTAGTC-1,2,HTO_5|HTO_6,911|687,Hashtag Ab
ACTTTCAAGTGGTGGT-1,2,HTO_5|HTO_6,562|246,Hashtag Ab
AGAAATGCACGACGAA-1,2,HTO_5|HTO_6,573|217,Hashtag Ab
AGACCCGAGAGTGAAG-1,2,HTO_5|HTO_6,400|210,Hashtag Ab
AGACCCGTCATTCGGA-1,2,HTO_5|HTO_6,2059|589,Hashtag Ab
AGAGCCCGTCGAAACG-1,2,HTO_5|HTO_6,339|793,Hashtag Ab
AGATGCTGTTACGGAG-1,2,HTO_5|HTO_6,1826|195,Hashtag Ab
AGCCAATAGCAGTCTT-1,2,HTO_5|HTO_6,198|134,Hashtag Ab
AGCCACGAGGTAATCA-1,2,HTO_5|HTO_6,440|376,Hashtag Ab
AGCCACGTCACTTGTT-1,2,HTO_5|HTO_6,621|48,Hashtag Ab
AGGACGAGTGCTGATT-1,2,HTO_5|HTO_6,153|499,Hashtag Ab
AGGAGGTCACGTATAC-1,2,HTO_5|HTO_6,861|161,Hashtag Ab
AGGGAGTAGGCCCGTT-1,2,HTO_5|HTO_6,295|121,Hashtag Ab
AGGGTGACAGCAGTTT-1,2,HTO_5|HTO_6,523|575,Hashtag Ab
AGGGTTTAGCCGCACT-1,2,HTO_5|HTO_6,2012|110,Hashtag Ab
AGGTGTTAGGCTAACG-1,2,HTO_5|HTO_6,1634|479,Hashtag Ab
AGTCAACGTTCCACAA-1,2,HTO_5|HTO_6,823|99,Hashtag Ab
ATAGAGACATATAGCC-1,2,HTO_5|HTO_6,715|180,Hashtag Ab
ATCCACCGTCCAGGTC-1,2,HTO_5|HTO_6,858|534,Hashtag Ab
ATCGTAGAGTAACGTA-1,2,HTO_5|HTO_6,1120|373,Hashtag Ab
ATCGTCCGTTAGGGAC-1,2,HTO_5|HTO_6,770|190,Hashtag Ab
ATGACCATCTCTAGGA-1,2,HTO_5|HTO_6,645|582,Hashtag Ab
ATGATCGTCGATACTG-1,2,HTO_5|HTO_6,369|211,Hashtag Ab
ATGCATGCACAGGATG-1,2,HTO_5|HTO_6,771|269,Hashtag Ab
ATGGGAGGTATTCTCT-1,2,HTO_5|HTO_6,459|161,Hashtag Ab
ATGTCTTCACGCGCTA-1,2,HTO_5|HTO_6,968|225,Hashtag Ab
ATTCCTAAGGTTGAGC-1,2,HTO_5|HTO_6,655|174,Hashtag Ab
ATTGGGTGTAGCGAGT-1,2,HTO_5|HTO_6,3222|325,Hashtag Ab
CAACAACTCGGCACTG-1,2,HTO_5|HTO_6,350|151,Hashtag Ab
CAACAGTCAAGCGGAT-1,2,HTO_5|HTO_6,750|385,Hashtag Ab
CAACGATAGTGGCAGT-1,2,HTO_5|HTO_6,483|203,Hashtag Ab
CAAGCTACAGTTGAAA-1,2,HTO_5|HTO_6,965|330,Hashtag Ab
CAAGGGATCGCTCTAC-1,2,HTO_5|HTO_6,1617|747,Hashtag Ab
CAATACGCATACTTTC-1,2,HTO_5|HTO_6,535|242,Hashtag Ab
CACACAATCCCAACTC-1,2,HTO_5|HTO_6,843|345,Hashtag Ab
CACGGGTAGGATATGT-1,2,HTO_5|HTO_6,653|248,Hashtag Ab
CACTGGGGTGCCTATA-1,2,HTO_5|HTO_6,127|145,Hashtag Ab
CAGCAATGTGAGAACC-1,2,HTO_5|HTO_6,557|425,Hashtag Ab
CAGCAGCCATCACGGC-1,2,HTO_5|HTO_6,684|210,Hashtag Ab
CAGCCAGGTCAAAGCG-1,2,HTO_5|HTO_6,1092|457,Hashtag Ab
CATAAGCCAAAGGTTA-1,2,HTO_5|HTO_6,310|350,Hashtag Ab
CATAAGCCATAGATGA-1,2,HTO_5|HTO_6,210|174,Hashtag Ab
CATACCCCAGACCATT-1,2,HTO_5|HTO_6,673|283,Hashtag Ab
CATGGATCACCTATCC-1,2,HTO_5|HTO_6,192|296,Hashtag Ab
CCAATTTTCTGTGCGG-1,2,HTO_5|HTO_6,338|281,Hashtag Ab
CCACAAATCGTTCTCG-1,2,HTO_5|HTO_6,1503|266,Hashtag Ab
CCCAACTAGTACCATC-1,2,HTO_5|HTO_6,456|199,Hashtag Ab
CCCAACTGTAAGATCA-1,2,HTO_5|HTO_6,963|174,Hashtag Ab
CCGATCTGTCTACGAT-1,2,HTO_5|HTO_6,404|155,Hashtag Ab
CCGATGGAGGGAGGCA-1,2,HTO_5|HTO_6,1132|715,Hashtag Ab
CCGGACAGTAACGATA-1,2,HTO_5|HTO_6,791|820,Hashtag Ab
CCTAAGAGTCCAGGTC-1,2,HTO_5|HTO_6,547|445,Hashtag Ab
CCTCATGCAACCGCTG-1,2,HTO_5|HTO_6,451|276,Hashtag Ab
CCTGCATGTGTTCATG-1,2,HTO_5|HTO_6,621|168,Hashtag Ab
CCTGTTGGTTTGGGTT-1,2,HTO_5|HTO_6,3707|146,Hashtag Ab
CCTTTGGCACCTAAAC-1,2,HTO_5|HTO_6,778|136,Hashtag Ab
CGAATTGCACGTTGGC-1,2,HTO_5|HTO_6,897|246,Hashtag Ab
CGAGAAGGTTCGAGCC-1,2,HTO_5|HTO_6,346|452,Hashtag Ab
CGAGGCTGTTCGTTCC-1,2,HTO_5|HTO_6,747|467,Hashtag Ab
CGATGCGCATTGGATC-1,2,HTO_5|HTO_6,1539|130,Hashtag Ab
CGCATAAAGCCTCACG-1,2,HTO_5|HTO_6,515|95,Hashtag Ab
CGCATAATCATTTGCT-1,2,HTO_5|HTO_6,1097|219,Hashtag Ab
CGGACACCATTCATCT-1,2,HTO_5|HTO_6,487|273,Hashtag Ab
CGGAGAAGTGTTGACT-1,2,HTO_5|HTO_6,875|203,Hashtag Ab
CGGGCATTCGCATGAT-1,2,HTO_5|HTO_6,878|128,Hashtag Ab
CGGGTCACATTGGATC-1,2,HTO_5|HTO_6,714|285,Hashtag Ab
CGGGTCAGTCGAACGA-1,2,HTO_5|HTO_6,214|187,Hashtag Ab
CGTCAAACAGTCTACA-1,2,HTO_5|HTO_6,817|167,Hashtag Ab
CGTTAGACAGCACAGA-1,2,HTO_5|HTO_6,535|154,Hashtag Ab
CGTTCTGAGTTGAAAC-1,2,HTO_5|HTO_6,856|174,Hashtag Ab
CTAACCCCAAAGGGCT-1,2,HTO_5|HTO_6,589|184,Hashtag Ab
CTACAGAGTCTAGTGT-1,2,HTO_5|HTO_6,351|196,Hashtag Ab
CTCCATGTCCTGGGAC-1,2,HTO_5|HTO_6,429|177,Hashtag Ab
CTCTCGAGTGTCTCCT-1,2,HTO_5|HTO_6,500|596,Hashtag Ab
CTGCATCTCGTCGATA-1,2,HTO_5|HTO_6,1185|163,Hashtag Ab
CTGCCATTCGGACAAG-1,2,HTO_5|HTO_6,1004|231,Hashtag Ab
CTGCGAGCAACGACAG-1,2,HTO_5|HTO_6,343|153,Hashtag Ab
CTGCGAGGTATAGGAT-1,2,HTO_5|HTO_6,500|336,Hashtag Ab
CTGGCAGCAGGTGGAT-1,2,HTO_5|HTO_6,1326|174,Hashtag Ab
CTTACCGCAGAAGTTA-1,2,HTO_5|HTO_6,724|156,Hashtag Ab
CTTACCGTCTTGGGCG-1,2,HTO_5|HTO_6,999|370,Hashtag Ab
CTTCCTTGTTGCATAC-1,2,HTO_5|HTO_6,777|148,Hashtag Ab
CTTCGGTCATTCGATG-1,2,HTO_5|HTO_6,1243|414,Hashtag Ab
CTTGATTCATGTTCGA-1,2,HTO_5|HTO_6,306|152,Hashtag Ab
GACGTTAAGATTAGCA-1,2,HTO_5|HTO_6,1099|151,Hashtag Ab
GACTCAAAGTTTCGAC-1,2,HTO_5|HTO_6,918|183,Hashtag Ab
GACTCAACAGCGGTCT-1,2,HTO_5|HTO_6,496|89,Hashtag Ab
GACTTCCAGTTCTACG-1,2,HTO_5|HTO_6,226|333,Hashtag Ab
GAGGGATGTCTCACGG-1,2,HTO_5|HTO_6,309|185,Hashtag Ab
GAGTGAGCAGTTAGGG-1,2,HTO_5|HTO_6,741|138,Hashtag Ab
GAGTGAGGTAGAAACT-1,2,HTO_5|HTO_6,289|118,Hashtag Ab
GAGTGTTTCGGCCCAA-1,2,HTO_5|HTO_6,1226|71,Hashtag Ab
GAGTTTGGTTTACTTC-1,2,HTO_5|HTO_6,1529|144,Hashtag Ab
GATAGCTTCATCTCTA-1,2,HTO_5|HTO_6,354|136,Hashtag Ab
GATGGAGTCCATCACC-1,2,HTO_5|HTO_6,418|71,Hashtag Ab
GATTGGTAGCTAAGTA-1,2,HTO_5|HTO_6,1658|212,Hashtag Ab
GCAACATGTTGTTGAC-1,2,HTO_5|HTO_6,314|114,Hashtag Ab
GCAGCTGAGTCCCAAT-1,2,HTO_5|HTO_6,2143|660,Hashtag Ab
GCATCGGTCCATCTCG-1,2,HTO_5|HTO_6,564|123,Hashtag Ab
GCCAGTGGTACTGAGG-1,2,HTO_5|HTO_6,750|315,Hashtag Ab
GCCATGGCAAGTCGTT-1,2,HTO_5|HTO_6,730|115,Hashtag Ab
GCTCAAACATAGACTC-1,2,HTO_5|HTO_6,262|118,Hashtag Ab
GCTGGGTGTGTGGTCC-1,2,HTO_5|HTO_6,483|122,Hashtag Ab
GCTTTCGCATTACTCT-1,2,HTO_5|HTO_6,409|205,Hashtag Ab
GGAATCTAGGATACCG-1,2,HTO_5|HTO_6,405|346,Hashtag Ab
GGAGAACGTTGTGCCG-1,2,HTO_5|HTO_6,137|311,Hashtag Ab
GGCACGTGTAAGCAAT-1,2,HTO_5|HTO_6,1984|84,Hashtag Ab
GGCTTTCTCTCTCCGA-1,2,HTO_5|HTO_6,675|181,Hashtag Ab
GGGACCTCACAGCTTA-1,2,HTO_5|HTO_6,692|268,Hashtag Ab
GGGACCTGTTAAGTCC-1,2,HTO_5|HTO_6,2491|56,Hashtag Ab
GGGCCATTCTGGGAGA-1,2,HTO_5|HTO_6,2285|124,Hashtag Ab
GGGCGTTAGTAAACTG-1,2,HTO_5|HTO_6,2129|123,Hashtag Ab
GGGCTCAAGATCACCT-1,2,HTO_5|HTO_6,1008|296,Hashtag Ab
GGGTATTAGGGACACT-1,2,HTO_5|HTO_6,523|317,Hashtag Ab
GGGTCTGGTGAAGCGT-1,2,HTO_5|HTO_6,292|66,Hashtag Ab
GGGTGTCCAGTTAGAA-1,2,HTO_5|HTO_6,430|97,Hashtag Ab
GGTGATTAGACTCTTG-1,2,HTO_5|HTO_6,530|60,Hashtag Ab
GGTGTCGGTCGTCATA-1,2,HTO_5|HTO_6,710|345,Hashtag Ab
GGTTGTAGTGAGTGAC-1,2,HTO_5|HTO_6,429|88,Hashtag Ab
GTAGAGGCAATTCTCT-1,2,HTO_5|HTO_6,292|248,Hashtag Ab
GTAGTACCAAGCGCAA-1,2,HTO_5|HTO_6,714|527,Hashtag Ab
GTCAAACCAGGCCCTA-1,2,HTO_5|HTO_6,1007|172,Hashtag Ab
GTCATGACATACCATG-1,2,HTO_5|HTO_6,718|295,Hashtag Ab
GTGACGCGTACTTCCC-1,2,HTO_5|HTO_6,1146|229,Hashtag Ab
GTGGAAGGTACTCCGG-1,2,HTO_5|HTO_6,1664|437,Hashtag Ab
GTGGAAGGTAGCGCTC-1,2,HTO_5|HTO_6,423|409,Hashtag Ab
GTGGAGATCCGTGACG-1,2,HTO_5|HTO_6,502|124,Hashtag Ab
GTTACAGGTGTGCTTA-1,2,HTO_5|HTO_6,648|135,Hashtag Ab
GTTGTGACAACGGCCT-1,2,HTO_5|HTO_6,726|202,Hashtag Ab
GTTGTGACATGCGTGC-1,2,HTO_5|HTO_6,1342|588,Hashtag Ab
TAACGACCAACGGGTA-1,2,HTO_5|HTO_6,564|206,Hashtag Ab
TAACGACCACCCAAGC-1,2,HTO_5|HTO_6,4222|703,Hashtag Ab
TAAGCGTGTAGACACG-1,2,HTO_5|HTO_6,280|89,Hashtag Ab
TACAGGTCACTCAAGT-1,2,HTO_5|HTO_6,1105|296,Hashtag Ab
TACAGGTTCACCCTTG-1,2,HTO_5|HTO_6,544|104,Hashtag Ab
TACCCGTCACGACAGA-1,2,HTO_5|HTO_6,1239|94,Hashtag Ab
TACGGTACAATCTCTT-1,2,HTO_5|HTO_6,524|92,Hashtag Ab
TACGGTATCCCTGGTT-1,2,HTO_5|HTO_6,1468|451,Hashtag Ab
TACTGCCCATACCGTA-1,2,HTO_5|HTO_6,2469|162,Hashtag Ab
TAGGTACGTCGCTTAA-1,2,HTO_5|HTO_6,431|577,Hashtag Ab
TATCCTATCTAGTGAC-1,2,HTO_5|HTO_6,612|216,Hashtag Ab
TCAAGTGCAGGTGTGA-1,2,HTO_5|HTO_6,712|318,Hashtag Ab
TCAAGTGGTCAGCTTA-1,2,HTO_5|HTO_6,738|135,Hashtag Ab
TCACAAGAGGAGGGTG-1,2,HTO_5|HTO_6,678|364,Hashtag Ab
TCACTATGTGTCCCTT-1,2,HTO_5|HTO_6,598|877,Hashtag Ab
TCAGTGAGTAAGATCA-1,2,HTO_5|HTO_6,341|145,Hashtag Ab
TCATACTGTAATTGGA-1,2,HTO_5|HTO_6,942|185,Hashtag Ab
TCATCATGTCTATGAC-1,2,HTO_5|HTO_6,3355|221,Hashtag Ab
TCATTGTCAATGCAAA-1,2,HTO_5|HTO_6,1063|91,Hashtag Ab
TCATTGTCAGGACGAT-1,2,HTO_5|HTO_6,473|487,Hashtag Ab
TCCAGAAGTGGTCCGT-1,2,HTO_5|HTO_6,592|96,Hashtag Ab
TCCATGCAGCCTTGAT-1,2,HTO_5|HTO_6,1605|192,Hashtag Ab
TCCATGCCATAACCCA-1,2,HTO_5|HTO_6,729|146,Hashtag Ab
TCCGATCCACATTCGA-1,2,HTO_5|HTO_6,233|305,Hashtag Ab
TCCGGGACAGGCCTGT-1,2,HTO_5|HTO_6,290|165,Hashtag Ab
TCCTGCAGTGTCGCTG-1,2,HTO_5|HTO_6,1637|197,Hashtag Ab
TCGAAGTTCTTACGTT-1,2,HTO_5|HTO_6,1652|154,Hashtag Ab
TCGCTCAGTGTCTTAG-1,2,HTO_5|HTO_6,1243|1130,Hashtag Ab
TCGGTCTGTGTTTCTT-1,2,HTO_5|HTO_6,1986|119,Hashtag Ab
TCGTCCACAGGCATGA-1,2,HTO_5|HTO_6,466|114,Hashtag Ab
TCGTGCTCAACGATCT-1,2,HTO_5|HTO_6,760|112,Hashtag Ab
TCTACATCATCCGAAT-1,2,HTO_5|HTO_6,4741|444,Hashtag Ab
TCTCTGGCAAATCAGA-1,2,HTO_5|HTO_6,196|128,Hashtag Ab
TCTGCCAAGGTGCTAG-1,2,HTO_5|HTO_6,496|117,Hashtag Ab
TCTGCCAGTGTTTCTT-1,2,HTO_5|HTO_6,1088|325,Hashtag Ab
TCTTTGATCTTGATTC-1,2,HTO_5|HTO_6,603|305,Hashtag Ab
TGAATGCAGCAGGGAG-1,2,HTO_5|HTO_6,855|151,Hashtag Ab
TGAATGCGTAGAGGAA-1,2,HTO_5|HTO_6,803|667,Hashtag Ab
TGACGCGGTTGGGAAC-1,2,HTO_5|HTO_6,626|173,Hashtag Ab
TGAGGAGCAGACCATT-1,2,HTO_5|HTO_6,719|136,Hashtag Ab
TGAGTCAGTACCTAGT-1,2,HTO_5|HTO_6,836|228,Hashtag Ab
TGATCTTGTGAATGAT-1,2,HTO_5|HTO_6,345|199,Hashtag Ab
TGATGCAAGCTCAGAG-1,2,HTO_5|HTO_6,657|108,Hashtag Ab
TGATGCACAAGCGATG-1,2,HTO_5|HTO_6,1372|411,Hashtag Ab
TGCAGATGTACCTATG-1,2,HTO_5|HTO_6,1828|148,Hashtag Ab
TGCGATACAATTCGTG-1,2,HTO_5|HTO_6,486|160,Hashtag Ab
TGCGGCATCAAGAGTA-1,2,HTO_5|HTO_6,401|399,Hashtag Ab
TGCTCCATCGGCATTA-1,2,HTO_5|HTO_6,315|106,Hashtag Ab
TGCTGAACAGCTCCTT-1,2,HTO_5|HTO_6,1625|396,Hashtag Ab
TGGATGTAGATTGTGA-1,2,HTO_5|HTO_6,195|103,Hashtag Ab
TGGGATTCAGAGTAAT-1,2,HTO_5|HTO_6,661|175,Hashtag Ab
TGGGCTGAGGACGCTA-1,2,HTO_5|HTO_6,384|244,Hashtag Ab
TGGTGATAGGTACATA-1,2,HTO_5|HTO_6,506|154,Hashtag Ab
TGTAACGAGGGCTAAC-1,2,HTO_5|HTO_6,558|257,Hashtag Ab
TGTAAGCTCGGACGTC-1,2,HTO_5|HTO_6,391|210,Hashtag Ab
TGTCAGAGTGTGCCTG-1,2,HTO_5|HTO_6,224|124,Hashtag Ab
TGTGAGTTCTCAATCT-1,2,HTO_5|HTO_6,693|346,Hashtag Ab
TGTGATGCACGCAAAG-1,2,HTO_5|HTO_6,370|220,Hashtag Ab
TGTGGCGGTGAATGTA-1,2,HTO_5|HTO_6,1179|104,Hashtag Ab
TGTGTGAAGGCTGGAT-1,2,HTO_5|HTO_6,1267|231,Hashtag Ab
TTAGGCAGTACGCTTA-1,2,HTO_5|HTO_6,270|57,Hashtag Ab
TTAGTCTTCGATTGGT-1,2,HTO_5|HTO_6,912|380,Hashtag Ab
TTCAGGACATCGGAAG-1,2,HTO_5|HTO_6,547|150,Hashtag Ab
TTCATGTGTCAAAGCG-1,2,HTO_5|HTO_6,339|434,Hashtag Ab
TTCCACGGTTACCTTT-1,2,HTO_5|HTO_6,842|113,Hashtag Ab
TTCGGTCGTGCGACAA-1,2,HTO_5|HTO_6,295|95,Hashtag Ab
TTCTTGACAGGCGATA-1,2,HTO_5|HTO_6,509|442,Hashtag Ab
TTGAACGGTCCGCAGT-1,2,HTO_5|HTO_6,3584|788,Hashtag Ab
TTGTTCAGTAGCGAGT-1,2,HTO_5|HTO_6,1671|152,Hashtag Ab
TTGTTCATCGCTCTCA-1,2,HTO_5|HTO_6,2469|395,Hashtag Ab
TTGTTCATCGGAAGGT-1,2,HTO_5|HTO_6,301|159,Hashtag Ab
TTGTTTGAGAACCGCA-1,2,HTO_5|HTO_6,898|238,Hashtag Ab
TTTCATGCAAGTATCC-1,2,HTO_5|HTO_6,922|138,Hashtag Ab
TTTGGTTAGCATCCCG-1,2,HTO_5|HTO_6,600|419,Hashtag Ab
AAATGGATCATCGCCT-1,2,HTO_7|HTO_8,426|394,Hashtag Ab
AACCTTTGTGAGTGAC-1,2,HTO_7|HTO_8,1049|269,Hashtag Ab
AAGACAACATCCTTGC-1,2,HTO_7|HTO_8,989|1548,Hashtag Ab
AAGCATCAGCCGATCC-1,2,HTO_7|HTO_8,648|179,Hashtag Ab
AAGTACCGTTGCGAAG-1,2,HTO_7|HTO_8,483|837,Hashtag Ab
ACACCAATCCCAGCGA-1,2,HTO_7|HTO_8,1643|503,Hashtag Ab
ACAGAAATCCACGTAA-1,2,HTO_7|HTO_8,1496|347,Hashtag Ab
ACCACAAAGATAGGGA-1,2,HTO_7|HTO_8,206|876,Hashtag Ab
ACTGTGAAGCGTATAA-1,2,HTO_7|HTO_8,3803|861,Hashtag Ab
AGATGCTAGAGTGTGC-1,2,HTO_7|HTO_8,983|310,Hashtag Ab
AGCTCAATCGCCAACG-1,2,HTO_7|HTO_8,2897|509,Hashtag Ab
AGGACGAGTTGGATCT-1,2,HTO_7|HTO_8,2025|598,Hashtag Ab
AGGACTTGTCACATTG-1,2,HTO_7|HTO_8,487|474,Hashtag Ab
AGGATCTAGCATTTCG-1,2,HTO_7|HTO_8,358|1115,Hashtag Ab
AGGGAGTTCCGACAGC-1,2,HTO_7|HTO_8,570|627,Hashtag Ab
AGTACTGGTTCTTGTT-1,2,HTO_7|HTO_8,195|206,Hashtag Ab
AGTGACTGTCGTGATT-1,2,HTO_7|HTO_8,2931|161,Hashtag Ab
AGTGATCGTCCTATAG-1,2,HTO_7|HTO_8,270|415,Hashtag Ab
AGTTCCCCATAACAGA-1,2,HTO_7|HTO_8,719|441,Hashtag Ab
ATACCTTAGAACAGGA-1,2,HTO_7|HTO_8,233|2026,Hashtag Ab
ATATCCTCAGGTGTGA-1,2,HTO_7|HTO_8,441|618,Hashtag Ab
ATCACAGGTCTCTCTG-1,2,HTO_7|HTO_8,416|538,Hashtag Ab
ATCGGATCATGAATCC-1,2,HTO_7|HTO_8,1212|4257,Hashtag Ab
ATCTCTATCAAGCTGT-1,2,HTO_7|HTO_8,1477|281,Hashtag Ab
ATGAGGGGTAGTTACC-1,2,HTO_7|HTO_8,1956|2233,Hashtag Ab
ATGTCCCTCTTACGTT-1,2,HTO_7|HTO_8,945|284,Hashtag Ab
ATTCGTTTCCAGCACG-1,2,HTO_7|HTO_8,779|201,Hashtag Ab
CAACCTCTCGCAATTG-1,2,HTO_7|HTO_8,762|838,Hashtag Ab
CAACGATCACATCCCT-1,2,HTO_7|HTO_8,661|565,Hashtag Ab
CACTGTCGTCCCACGA-1,2,HTO_7|HTO_8,741|186,Hashtag Ab
CAGGGCTGTTGGAGAC-1,2,HTO_7|HTO_8,659|563,Hashtag Ab
CATTCTAAGCAACTTC-1,2,HTO_7|HTO_8,106|687,Hashtag Ab
CCCTCTCTCATTGCCC-1,2,HTO_7|HTO_8,191|378,Hashtag Ab
CCGCAAGGTGTGTTTG-1,2,HTO_7|HTO_8,265|308,Hashtag Ab
CGAAGGAAGATGAAGG-1,2,HTO_7|HTO_8,1542|634,Hashtag Ab
CGAGAAGGTTATGACC-1,2,HTO_7|HTO_8,2403|1057,Hashtag Ab
CGGCAGTGTCTAACGT-1,2,HTO_7|HTO_8,683|312,Hashtag Ab
CGGGTGTCATACGCAT-1,2,HTO_7|HTO_8,364|430,Hashtag Ab
CTAAGTGCACGCTGAC-1,2,HTO_7|HTO_8,524|650,Hashtag Ab
CTAGGTAGTCCTTTGC-1,2,HTO_7|HTO_8,1281|1155,Hashtag Ab
CTATCCGGTTCAACGT-1,2,HTO_7|HTO_8,782|1002,Hashtag Ab
CTCATGCGTTCGGACC-1,2,HTO_7|HTO_8,1258|1240,Hashtag Ab
CTCATTAAGGTAGACC-1,2,HTO_7|HTO_8,466|212,Hashtag Ab
CTCATTATCGGCCTTT-1,2,HTO_7|HTO_8,1591|780,Hashtag Ab
CTCCCAAGTATCCCAA-1,2,HTO_7|HTO_8,746|1844,Hashtag Ab
CTCTCAGAGCACAAAT-1,2,HTO_7|HTO_8,1100|631,Hashtag Ab
CTCTGGTCAGCTATAC-1,2,HTO_7|HTO_8,413|527,Hashtag Ab
CTGCATCGTACTCGCG-1,2,HTO_7|HTO_8,1657|1663,Hashtag Ab
CTTAGGACAACGCATT-1,2,HTO_7|HTO_8,443|1934,Hashtag Ab
CTTCAATGTACCCGCA-1,2,HTO_7|HTO_8,196|640,Hashtag Ab
CTTCCGAAGAGTGTTA-1,2,HTO_7|HTO_8,2165|553,Hashtag Ab
GAAACCTGTAGGACTG-1,2,HTO_7|HTO_8,499|189,Hashtag Ab
GACTCTCAGTCTGTAC-1,2,HTO_7|HTO_8,486|436,Hashtag Ab
GACTCTCGTGACGCCT-1,2,HTO_7|HTO_8,731|1378,Hashtag Ab
GACTGATTCCGTACGG-1,2,HTO_7|HTO_8,1505|421,Hashtag Ab
GAGCCTGAGATCGCCC-1,2,HTO_7|HTO_8,2174|366,Hashtag Ab
GAGCTGCAGTGTACAA-1,2,HTO_7|HTO_8,646|994,Hashtag Ab
GAGCTGCTCCGTTGAA-1,2,HTO_7|HTO_8,821|213,Hashtag Ab
GAGGGATGTATGCTAC-1,2,HTO_7|HTO_8,274|279,Hashtag Ab
GAGTGTTCAAATCAAG-1,2,HTO_7|HTO_8,337|425,Hashtag Ab
GATCCCTGTGATTCTG-1,2,HTO_7|HTO_8,605|1314,Hashtag Ab
GATGACTGTTACCTTT-1,2,HTO_7|HTO_8,522|543,Hashtag Ab
GATGGAGGTCGAGTGA-1,2,HTO_7|HTO_8,640|667,Hashtag Ab
GCACATAAGTGGAAGA-1,2,HTO_7|HTO_8,1448|474,Hashtag Ab
GCACTAAGTAATTGGA-1,2,HTO_7|HTO_8,1658|955,Hashtag Ab
GCAGCCACACGCGGTT-1,2,HTO_7|HTO_8,1089|2087,Hashtag Ab
GCCAGTGGTCCGAAAG-1,2,HTO_7|HTO_8,681|548,Hashtag Ab
GCCATTCCATATACCG-1,2,HTO_7|HTO_8,463|786,Hashtag Ab
GCCGTGAGTAACTAAG-1,2,HTO_7|HTO_8,457|378,Hashtag Ab
GCGGATCGTTAAACAG-1,2,HTO_7|HTO_8,809|689,Hashtag Ab
GGAGGATCAAAGAACT-1,2,HTO_7|HTO_8,456|189,Hashtag Ab
GGCTGTGAGAAACTAC-1,2,HTO_7|HTO_8,340|406,Hashtag Ab
GGCTGTGCAATAACCC-1,2,HTO_7|HTO_8,376|1171,Hashtag Ab
GGTAACTAGTGGTGAC-1,2,HTO_7|HTO_8,343|236,Hashtag Ab
GTCATGACACTGCGAC-1,2,HTO_7|HTO_8,405|324,Hashtag Ab
GTCTTTAAGGTTGGAC-1,2,HTO_7|HTO_8,298|305,Hashtag Ab
GTCTTTACATCATGAC-1,2,HTO_7|HTO_8,359|736,Hashtag Ab
GTGACGCTCGCCATAA-1,2,HTO_7|HTO_8,692|232,Hashtag Ab
GTGCAGCCAGAGGTAC-1,2,HTO_7|HTO_8,541|389,Hashtag Ab
GTTCATTAGTACAACA-1,2,HTO_7|HTO_8,1536|265,Hashtag Ab
GTTCCGTGTCAGTCGC-1,2,HTO_7|HTO_8,947|858,Hashtag Ab
GTTCTATCACCTGAAT-1,2,HTO_7|HTO_8,488|222,Hashtag Ab
TACCTGCAGCGTCTCG-1,2,HTO_7|HTO_8,1240|1277,Hashtag Ab
TACGCTCAGATCCTAC-1,2,HTO_7|HTO_8,1028|340,Hashtag Ab
TACTGCCTCCATAGGT-1,2,HTO_7|HTO_8,741|683,Hashtag Ab
TACTGCCTCGTACACA-1,2,HTO_7|HTO_8,1835|1685,Hashtag Ab
TATCTGTAGCAGATAT-1,2,HTO_7|HTO_8,197|1556,Hashtag Ab
TCAATTCTCAAGTCGT-1,2,HTO_7|HTO_8,3238|1382,Hashtag Ab
TCACTATTCAAGTCGT-1,2,HTO_7|HTO_8,187|790,Hashtag Ab
TCAGGGCAGCCAAGGT-1,2,HTO_7|HTO_8,175|1339,Hashtag Ab
TCAGTGACAAGAGATT-1,2,HTO_7|HTO_8,330|707,Hashtag Ab
TCATGTTGTGTATACC-1,2,HTO_7|HTO_8,899|615,Hashtag Ab
TCCAGAACATGCGTGC-1,2,HTO_7|HTO_8,715|880,Hashtag Ab
TCCCATGCAGGTCCCA-1,2,HTO_7|HTO_8,640|243,Hashtag Ab
TCTATACTCTTGGTGA-1,2,HTO_7|HTO_8,155|4068,Hashtag Ab
TGACGCGTCTTCGTGC-1,2,HTO_7|HTO_8,370|356,Hashtag Ab
TGAGCGCAGGTAAGTT-1,2,HTO_7|HTO_8,2863|1637,Hashtag Ab
TGAGGTTTCAAGTGTC-1,2,HTO_7|HTO_8,932|276,Hashtag Ab
TGATGCATCTCCGAGG-1,2,HTO_7|HTO_8,238|485,Hashtag Ab
TGCGGCAAGCGGTAGT-1,2,HTO_7|HTO_8,206|404,Hashtag Ab
TGCTCCAGTTATAGAG-1,2,HTO_7|HTO_8,1006|1592,Hashtag Ab
TGGATGTAGAACGCGT-1,2,HTO_7|HTO_8,1499|965,Hashtag Ab
TGGGAGAAGCGAGGAG-1,2,HTO_7|HTO_8,1135|885,Hashtag Ab
TGGGCGTGTCCCACGA-1,2,HTO_7|HTO_8,971|452,Hashtag Ab
TGGGCTGCAGTGGTGA-1,2,HTO_7|HTO_8,592|574,Hashtag Ab
TGTAAGCGTAGGGAGG-1,2,HTO_7|HTO_8,401|1365,Hashtag Ab
TGTGATGAGCTTGTTG-1,2,HTO_7|HTO_8,1114|332,Hashtag Ab
TTAGGGTAGTGAACAT-1,2,HTO_7|HTO_8,557|190,Hashtag Ab
TTCATTGCAGACATCT-1,2,HTO_7|HTO_8,1173|2153,Hashtag Ab
TTCATTGGTGTTACTG-1,2,HTO_7|HTO_8,190|205,Hashtag Ab
TTCCGTGAGTAATACG-1,2,HTO_7|HTO_8,1693|1049,Hashtag Ab
TTCTAGTCACAGTGAG-1,2,HTO_7|HTO_8,900|1308,Hashtag Ab
TTGAACGGTCGCACAC-1,2,HTO_7|HTO_8,887|504,Hashtag Ab
TTGGGCGTCTCTCGCA-1,2,HTO_7|HTO_8,809|979,Hashtag Ab
TTGTGTTGTCGCATGC-1,2,HTO_7|HTO_8,1360|224,Hashtag Ab
TTTATGCAGTCCCAGC-1,2,HTO_7|HTO_8,625|390,Hashtag Ab
TTTCGATGTTAAGGAT-1,2,HTO_7|HTO_8,818|671,Hashtag Ab
TTTGGAGCAGCACGAA-1,2,HTO_7|HTO_8,1539|797,Hashtag Ab
TTTGTTGCACTGCATA-1,2,HTO_7|HTO_8,374|637,Hashtag Ab
AACAAGAGTGATATAG-1,2,CMO301|CMO302,6597|4491,CellPlex
ACCGTTCAGTCATGCT-1,2,CMO301|CMO302,1623|6414,CellPlex
AGAAATGCAGAGAGGG-1,2,CMO301|CMO302,40608|2027,CellPlex
AGCATCAGTCGTTGCG-1,2,CMO301|CMO302,5089|1629,CellPlex
AGGGCCTGTCGTGGTC-1,2,CMO301|CMO302,2229|821,CellPlex
AGTCAACAGCCATTGT-1,2,CMO301|CMO302,1434|8017,CellPlex
CAACCAACACTTGTGA-1,2,CMO301|CMO302,15762|683,CellPlex
CAGATACAGATTCGCT-1,2,CMO301|CMO302,8856|2135,CellPlex
CAGGCCACACGACGCT-1,2,CMO301|CMO302,10845|1286,CellPlex
CCCATTGTCGGTTCAA-1,2,CMO301|CMO302,1616|943,CellPlex
CCCGGAAGTGGTCTCG-1,2,CMO301|CMO302,1402|6226,CellPlex
CCTCAACTCGAGCCTG-1,2,CMO301|CMO302,10953|846,CellPlex
CGGGACTTCGTTAGTG-1,2,CMO301|CMO302,12913|1824,CellPlex
CTACCCATCAGTCACA-1,2,CMO301|CMO302,2620|1415,CellPlex
GAAGCGATCGGTCGAC-1,2,CMO301|CMO302,41073|3100,CellPlex
GAATCGTCAGCGTTTA-1,2,CMO301|CMO302,1558|5733,CellPlex
GACTATGAGCAAGTGC-1,2,CMO301|CMO302,9386|10900,CellPlex
GACTATGGTGGACTGA-1,2,CMO301|CMO302,19958|1660,CellPlex
GAGAGGTCAAAGAGTT-1,2,CMO301|CMO302,12661|1943,CellPlex
GAGCCTGGTGTGGTCC-1,2,CMO301|CMO302,23395|1589,CellPlex
GATAGAAAGGGTTTCT-1,2,CMO301|CMO302,2893|4333,CellPlex
GATGCTACAGTTTCGA-1,2,CMO301|CMO302,1499|6917,CellPlex
GCCCGAACAACCCTAA-1,2,CMO301|CMO302,2058|2026,CellPlex
GGGAAGTAGTTCCGGC-1,2,CMO301|CMO302,1598|2495,CellPlex
GTCGTAATCTCATAGG-1,2,CMO301|CMO302,35122|2567,CellPlex
GTCGTTCTCATCACTT-1,2,CMO301|CMO302,2532|1060,CellPlex
GTGCTTCTCTGGCCGA-1,2,CMO301|CMO302,3460|5252,CellPlex
GTGTGATCAATCGCGC-1,2,CMO301|CMO302,11943|949,CellPlex
GTGTTAGAGACTTAAG-1,2,CMO301|CMO302,33986|1996,CellPlex
GTTACAGAGAGTCAAT-1,2,CMO301|CMO302,1271|1123,CellPlex
GTTTGGACAGTCGTTA-1,2,CMO301|CMO302,6553|781,CellPlex
TACTTACAGCCATATC-1,2,CMO301|CMO302,39802|1506,CellPlex
TCAGGGCAGTTGGGAC-1,2,CMO301|CMO302,6908|5658,CellPlex
TCAGTTTCACACGTGC-1,2,CMO301|CMO302,1672|829,CellPlex
TCCATGCCAAGCTACT-1,2,CMO301|CMO302,1442|1785,CellPlex
TCGCACTTCTGTGTGA-1,2,CMO301|CMO302,15141|1433,CellPlex
TGCTCGTGTACACGTT-1,2,CMO301|CMO302,1465|1241,CellPlex
TGTACAGTCGCCGAAC-1,2,CMO301|CMO302,1516|12253,CellPlex
TGTCCTGAGTTTCGGT-1,2,CMO301|CMO302,4220|10723,CellPlex
TGTTTGTAGTGATAGT-1,2,CMO301|CMO302,14159|724,CellPlex
TTCCGGTGTATCATGC-1,2,CMO301|CMO302,20849|884,CellPlex
TTCTCTCAGTTGCTGT-1,2,CMO301|CMO302,1504|1689,CellPlex
AATGGAAAGCGGATCA-1,2,CMO303|CMO304,2008|5292,CellPlex
ACCAACAGTTTCACAG-1,2,CMO303|CMO304,1935|2474,CellPlex
AGAAGTAAGCTACTAC-1,2,CMO303|CMO304,2541|1295,CellPlex
AGACAAATCTAGACCA-1,2,CMO303|CMO304,2755|4345,CellPlex
AGGACTTTCTCGGGAC-1,2,CMO303|CMO304,11905|2078,CellPlex
AGGAGGTCACATGACT-1,2,CMO303|CMO304,3003|2252,CellPlex
AGGGTGAGTTCTCCTG-1,2,CMO303|CMO304,3866|7778,CellPlex
AGGTGTTTCAAGGTGG-1,2,CMO303|CMO304,1781|1522,CellPlex
AGTGTTGAGTCCCAGC-1,2,CMO303|CMO304,3146|12834,CellPlex
CAACAGTCAACCGCCA-1,2,CMO303|CMO304,1715|8930,CellPlex
CAACGGCCAATCGTCA-1,2,CMO303|CMO304,1841|18995,CellPlex
CAAGAGGTCGCTCTAC-1,2,CMO303|CMO304,3429|9422,CellPlex
CAAGCTACAAGTGGCA-1,2,CMO303|CMO304,2468|2264,CellPlex
CACCAAATCACTCTTA-1,2,CMO303|CMO304,1627|10547,CellPlex
CAGCCAGCAGCTACTA-1,2,CMO303|CMO304,1651|1615,CellPlex
CATGCCTCAACAGTGG-1,2,CMO303|CMO304,3574|1175,CellPlex
CCCTAACTCTCTAGGA-1,2,CMO303|CMO304,1898|3411,CellPlex
CGGGTGTGTGTATCCA-1,2,CMO303|CMO304,1220|1854,CellPlex
CGGTCAGTCCCATTTA-1,2,CMO303|CMO304,1192|1845,CellPlex
CGTGTCTCATAGGCGA-1,2,CMO303|CMO304,1598|1676,CellPlex
CGTTAGAGTCACCACG-1,2,CMO303|CMO304,9275|7272,CellPlex
CTACTATTCCATTGCC-1,2,CMO303|CMO304,3128|1339,CellPlex
CTCAAGAAGGTGATAT-1,2,CMO303|CMO304,5625|2855,CellPlex
CTCAGGGAGCGGTATG-1,2,CMO303|CMO304,1440|1990,CellPlex
GAGGGATAGGAAAGAC-1,2,CMO303|CMO304,1798|920,CellPlex
GATGAGGGTGCCGAAA-1,2,CMO303|CMO304,2892|1437,CellPlex
GCAACCGTCCTAAACG-1,2,CMO303|CMO304,5041|2825,CellPlex
GCCGTGATCGAAGGAC-1,2,CMO303|CMO304,9583|1304,CellPlex
GCCTGTTGTTGTCCCT-1,2,CMO303|CMO304,1918|1546,CellPlex
GGGATCCCACATGACT-1,2,CMO303|CMO304,2693|1643,CellPlex
GGTGATTAGCATCCCG-1,2,CMO303|CMO304,1988|7242,CellPlex
GTACAGTAGACTTAAG-1,2,CMO303|CMO304,2920|3827,CellPlex
GTGAGTTTCTGTAAGC-1,2,CMO303|CMO304,2440|1767,CellPlex
GTGCTGGCATCGCTAA-1,2,CMO303|CMO304,2783|5788,CellPlex
TACAACGAGTAAACTG-1,2,CMO303|CMO304,4432|2558,CellPlex
TACATTCAGACGGATC-1,2,CMO303|CMO304,46342|2118,CellPlex
TACTTGTTCTGCTTAT-1,2,CMO303|CMO304,4058|1648,CellPlex
TATTCCACAGGTCTCG-1,2,CMO303|CMO304,13487|1819,CellPlex
TCAATCTGTTGCCGCA-1,2,CMO303|CMO304,2125|2311,CellPlex
TCAATTCAGGGCTAAC-1,2,CMO303|CMO304,2664|3486,CellPlex
TCATGGACAGCACCCA-1,2,CMO303|CMO304,2155|2511,CellPlex
TCATTTGGTTGCTAGT-1,2,CMO303|CMO304,3704|3252,CellPlex
TCGTGCTTCACTAGCA-1,2,CMO303|CMO304,3448|2218,CellPlex
TCTGCCAAGCGAATGC-1,2,CMO303|CMO304,2196|3551,CellPlex
TGACTCCAGGCATCGA-1,2,CMO303|CMO304,7071|39107,CellPlex
TGAGGAGGTCGTACTA-1,2,CMO303|CMO304,22863|1910,CellPlex
TGGAGGAAGGACTTCT-1,2,CMO303|CMO304,1825|4439,CellPlex
TGTCCACCAGAGTGTG-1,2,CMO303|CMO304,1327|2638,CellPlex
TGTGATGGTGACATCT-1,2,CMO303|CMO304,2689|2131,CellPlex
TGTTTGTGTTAGAAAC-1,2,CMO303|CMO304,6717|1319,CellPlex
TTCCTCTCATCCAATG-1,2,CMO303|CMO304,7252|2200,CellPlex
TTCGGTCCATGCACTA-1,2,CMO303|CMO304,6425|1305,CellPlex
TTGTTCAAGCTCGAAG-1,2,CMO303|CMO304,2168|850,CellPlex
TTTGTTGTCCGTAGTA-1,2,CMO303|CMO304,3343|1527,CellPlex
AAACGAAGTGAACTAA-1,2,CMO305|CMO306,4294|1474,CellPlex
AAAGTCCTCTCTATAC-1,2,CMO305|CMO306,1941|4585,CellPlex
AACCATGGTACACGTT-1,2,CMO305|CMO306,2876|1042,CellPlex
AACGTCATCTTAAGGC-1,2,CMO305|CMO306,7662|4591,CellPlex
AACTTCTGTCGTACAT-1,2,CMO305|CMO306,2113|476,CellPlex
AAGCATCTCGCTACAA-1,2,CMO305|CMO306,3369|512,CellPlex
AAGCCATGTACTGTTG-1,2,CMO305|CMO306,5602|633,CellPlex
AAGCGTTCATCATTGG-1,2,CMO305|CMO306,1593|663,CellPlex
AATAGAGTCTCGGTCT-1,2,CMO305|CMO306,1454|817,CellPlex
AATCGTGTCTTGGCTC-1,2,CMO305|CMO306,1555|880,CellPlex
AATGCCAGTCCAAAGG-1,2,CMO305|CMO306,7771|589,CellPlex
ACAACCATCTCCATAT-1,2,CMO305|CMO306,1823|1253,CellPlex
ACAGCCGGTTGACTGT-1,2,CMO305|CMO306,2192|1888,CellPlex
ACCAACAGTGATATAG-1,2,CMO305|CMO306,2073|1064,CellPlex
ACCCAAATCCCTTGGT-1,2,CMO305|CMO306,9762|1394,CellPlex
ACCCAAATCGTGAGAG-1,2,CMO305|CMO306,2324|1108,CellPlex
ACGTAGTCAACCGGAA-1,2,CMO305|CMO306,8334|5480,CellPlex
ACTCTCGAGTGGAATT-1,2,CMO305|CMO306,1454|709,CellPlex
ACTCTCGCACTCGATA-1,2,CMO305|CMO306,4680|507,CellPlex
ACTGTCCCAGGGTCTC-1,2,CMO305|CMO306,1175|4934,CellPlex
ACTGTGACAAGAATAC-1,2,CMO305|CMO306,2577|1202,CellPlex
ACTTATCGTGATTGGG-1,2,CMO305|CMO306,2153|2194,CellPlex
ACTTCCGGTACGATCT-1,2,CMO305|CMO306,1347|1026,CellPlex
AGAAATGTCCAATCCC-1,2,CMO305|CMO306,1262|3862,CellPlex
AGAACCTAGCGCTTCG-1,2,CMO305|CMO306,1389|605,CellPlex
AGAAGTATCTCCGAAA-1,2,CMO305|CMO306,1276|783,CellPlex
AGACAAAAGTACTCGT-1,2,CMO305|CMO306,7369|1735,CellPlex
AGACCATCAACTCGAT-1,2,CMO305|CMO306,2444|644,CellPlex
AGAGCAGAGGGCGAAG-1,2,CMO305|CMO306,1552|10155,CellPlex
AGATGCTGTATGGTAA-1,2,CMO305|CMO306,1408|517,CellPlex
AGCCACGGTACAAAGT-1,2,CMO305|CMO306,1860|1195,CellPlex
AGCGCCATCGCAATTG-1,2,CMO305|CMO306,6105|6206,CellPlex
AGCTTCCAGATGCTAA-1,2,CMO305|CMO306,1111|3038,CellPlex
AGGAAATTCCCATTCG-1,2,CMO305|CMO306,2507|1022,CellPlex
AGGAGGTTCATCCTGC-1,2,CMO305|CMO306,7205|5472,CellPlex
AGGCTGCGTTCACCGG-1,2,CMO305|CMO306,9928|2522,CellPlex
AGGGTTTGTCAGGTAG-1,2,CMO305|CMO306,1330|495,CellPlex
AGGTCTAGTCCAGCGT-1,2,CMO305|CMO306,1957|525,CellPlex
AGGTTGTGTGGCCACT-1,2,CMO305|CMO306,1961|905,CellPlex
AGTCATGTCGCTACAA-1,2,CMO305|CMO306,12737|1953,CellPlex
ATCATTCGTATTGGCT-1,2,CMO305|CMO306,1522|2861,CellPlex
ATCGTCCTCTGGGAGA-1,2,CMO305|CMO306,1301|1232,CellPlex
ATCTTCATCGACATCA-1,2,CMO305|CMO306,2020|1031,CellPlex
ATTGTTCGTATGGTTC-1,2,CMO305|CMO306,2076|459,CellPlex
CACGTTCGTAGGACTG-1,2,CMO305|CMO306,3453|1143,CellPlex
CATACAGGTAGGACTG-1,2,CMO305|CMO306,1572|957,CellPlex
CATCAAGTCTGTGCGG-1,2,CMO305|CMO306,5352|609,CellPlex
CCGTGAGGTCCGGACT-1,2,CMO305|CMO306,1596|2892,CellPlex
CCTCAACTCTAGACAC-1,2,CMO305|CMO306,1315|3684,CellPlex
CCTCCAATCCGTCACT-1,2,CMO305|CMO306,1130|919,CellPlex
CCTTGTGGTCGTATTG-1,2,CMO305|CMO306,2818|4817,CellPlex
GAAATGAAGCACGGAT-1,2,CMO305|CMO306,1951|1160,CellPlex
GAAGGACGTGTTATCG-1,2,CMO305|CMO306,1433|1734,CellPlex
GAAGGGTGTTGTTTGG-1,2,CMO305|CMO306,1534|582,CellPlex
GAATCGTCAGGAGGAG-1,2,CMO305|CMO306,10457|917,CellPlex
GACTATGGTACGAGTG-1,2,CMO305|CMO306,2111|860,CellPlex
GAGACTTGTATCCTTT-1,2,CMO305|CMO306,9069|3285,CellPlex
GAGGGTATCGCGTAGC-1,2,CMO305|CMO306,2657|2979,CellPlex
GAGTTACTCGAGCCTG-1,2,CMO305|CMO306,9739|660,CellPlex
GATCAGTGTTCTAACG-1,2,CMO305|CMO306,1040|1934,CellPlex
GATCATGTCAGCTCTC-1,2,CMO305|CMO306,1237|641,CellPlex
GATTCGAAGGGAGAAT-1,2,CMO305|CMO306,7465|586,CellPlex
GATTCTTGTATTCCGA-1,2,CMO305|CMO306,1478|1016,CellPlex
GATTGGTCACCGCTAG-1,2,CMO305|CMO306,2924|807,CellPlex
GCATCGGAGATGGTCG-1,2,CMO305|CMO306,1152|940,CellPlex
GCCAACGCACATACGT-1,2,CMO305|CMO306,1857|592,CellPlex
GCCAGCACAGCTTCCT-1,2,CMO305|CMO306,1197|10540,CellPlex
GCCAGCAGTGCTTCAA-1,2,CMO305|CMO306,1960|1620,CellPlex
GCCAGTGAGGTTATAG-1,2,CMO305|CMO306,17753|864,CellPlex
GCCGATGCACAGCATT-1,2,CMO305|CMO306,4023|1217,CellPlex
GCCTGTTAGTATGCAA-1,2,CMO305|CMO306,3032|1514,CellPlex
GCGATCGCAGGACGAT-1,2,CMO305|CMO306,1274|826,CellPlex
GCGGAAAGTAACTAAG-1,2,CMO305|CMO306,4767|1396,CellPlex
GCGGATCGTGCATCTA-1,2,CMO305|CMO306,6754|1011,CellPlex
GGAGAACCACTGAATC-1,2,CMO305|CMO306,2830|3053,CellPlex
GGTGAAGGTAATTAGG-1,2,CMO305|CMO306,1608|1484,CellPlex
GTAACACCAAAGGCGT-1,2,CMO305|CMO306,4209|922,CellPlex
GTAGAGGAGGGAGGCA-1,2,CMO305|CMO306,1262|778,CellPlex
GTATTGGTCACGTAGT-1,2,CMO305|CMO306,4416|1122,CellPlex
GTATTGGTCCAATCCC-1,2,CMO305|CMO306,7299|5974,CellPlex
GTCACTCTCTGGTGGC-1,2,CMO305|CMO306,5032|773,CellPlex
GTCATGAAGTGGTTGG-1,2,CMO305|CMO306,1528|1046,CellPlex
GTCCACTAGAGGACTC-1,2,CMO305|CMO306,1933|622,CellPlex
GTCTAGAAGAAGTGTT-1,2,CMO305|CMO306,1657|538,CellPlex
GTGTCCTCATGGGATG-1,2,CMO305|CMO306,1568|1016,CellPlex
GTTCCGTAGCCATTCA-1,2,CMO305|CMO306,5562|461,CellPlex
TACAGGTGTTCAGGTT-1,2,CMO305|CMO306,1964|577,CellPlex
TACATTCCACGACGAA-1,2,CMO305|CMO306,1588|1761,CellPlex
TACCCACAGCGACAGT-1,2,CMO305|CMO306,23119|1530,CellPlex
TACCTGCGTTCTATCT-1,2,CMO305|CMO306,3713|1935,CellPlex
TACTTACCACTGAATC-1,2,CMO305|CMO306,8998|877,CellPlex
TAGGAGGTCTACTATC-1,2,CMO305|CMO306,1501|467,CellPlex
TATCTTGCACCAGTTA-1,2,CMO305|CMO306,1631|822,CellPlex
TCAATCTCAATTGCGT-1,2,CMO305|CMO306,4561|2108,CellPlex
TCAGCAACACCAACAT-1,2,CMO305|CMO306,2844|658,CellPlex
TCAGTCCTCAGGAAGC-1,2,CMO305|CMO306,4157|1914,CellPlex
TCGGTCTGTTGCGTAT-1,2,CMO305|CMO306,1881|502,CellPlex
TCTATACTCCGATAGT-1,2,CMO305|CMO306,9836|5800,CellPlex
TCTCAGCCAATAGAGT-1,2,CMO305|CMO306,2564|2308,CellPlex
TCTTCCTCAACCGATT-1,2,CMO305|CMO306,5102|1131,CellPlex
TGAGACTTCACTCGAA-1,2,CMO305|CMO306,1797|975,CellPlex
TGAGGTTGTGTTAGCT-1,2,CMO305|CMO306,2137|3567,CellPlex
TGATCAGGTCTTCGAA-1,2,CMO305|CMO306,1632|920,CellPlex
TGATGGTGTTTCACTT-1,2,CMO305|CMO306,1459|778,CellPlex
TGCAGTAGTAACGATA-1,2,CMO305|CMO306,2570|638,CellPlex
TGCGACGGTCATTCCC-1,2,CMO305|CMO306,6577|606,CellPlex
TGCTGAAGTTCATCGA-1,2,CMO305|CMO306,1998|515,CellPlex
TGGATCACAAGGTCAG-1,2,CMO305|CMO306,1924|956,CellPlex
TGGATCAGTGCCCAGT-1,2,CMO305|CMO306,20866|6657,CellPlex
TGGCGTGTCCGGGACT-1,2,CMO305|CMO306,1788|1444,CellPlex
TTACTGTTCAGTCCGG-1,2,CMO305|CMO306,1469|938,CellPlex
TTCAGGAGTCTCGGAC-1,2,CMO305|CMO306,1378|4912,CellPlex
TTCCACGAGACATAAC-1,2,CMO305|CMO306,1515|5045,CellPlex
TTCGGTCGTGTTTGCA-1,2,CMO305|CMO306,1428|818,CellPlex
TTCGGTCTCATCAGTG-1,2,CMO305|CMO306,2085|1249,CellPlex
TTGACCCCATTGCAAC-1,2,CMO305|CMO306,1533|1741,CellPlex
TTGATGGCAGTTACCA-1,2,CMO305|CMO306,1661|474,CellPlex
TTGCTGCGTTCCACGG-1,2,CMO305|CMO306,6789|622,CellPlex
TTGCTGCTCTGATGGT-1,2,CMO305|CMO306,1468|864,CellPlex
TTGTGGATCGTTCCCA-1,2,CMO305|CMO306,5637|864,CellPlex
TTTAGTCCAGCGTGAA-1,2,CMO305|CMO306,5703|4241,CellPlex
TTTAGTCTCCATTTGT-1,2,CMO305|CMO306,6755|5531,CellPlex
TTTGACTAGTATGGAT-1,2,CMO305|CMO306,1616|906,CellPlex
AAGACAAAGTTCCGTA-1,2,CMO307|CMO308,2486|4415,CellPlex
ACCTGTCCAGGGCTTC-1,2,CMO307|CMO308,2211|809,CellPlex
ACGGAAGCACACCGAC-1,2,CMO307|CMO308,5517|1046,CellPlex
ACGTAACGTACCCAGC-1,2,CMO307|CMO308,3025|2618,CellPlex
ACGTAGTTCATTCGGA-1,2,CMO307|CMO308,610|3895,CellPlex
ACTTTGTGTATCACGT-1,2,CMO307|CMO308,4354|1262,CellPlex
AGACACTCAACAAAGT-1,2,CMO307|CMO308,1443|1675,CellPlex
AGATGAAGTTAGAGAT-1,2,CMO307|CMO308,1022|2504,CellPlex
ATAGGCTCAGAACTAA-1,2,CMO307|CMO308,5784|4124,CellPlex
ATCCACCGTAGGAGGG-1,2,CMO307|CMO308,574|2450,CellPlex
ATCGGCGTCTAGGAAA-1,2,CMO307|CMO308,2728|1535,CellPlex
ATGGAGGAGCGATTCT-1,2,CMO307|CMO308,1079|5900,CellPlex
ATGGTTGAGCAGATAT-1,2,CMO307|CMO308,644|1180,CellPlex
CAACCAATCCGTTTCG-1,2,CMO307|CMO308,6848|1044,CellPlex
CACCGTTGTATCACGT-1,2,CMO307|CMO308,673|1240,CellPlex
CATCGGGTCGGACTTA-1,2,CMO307|CMO308,7688|891,CellPlex
CCTCCAAAGATCACCT-1,2,CMO307|CMO308,6091|881,CellPlex
CCTGTTGCAATTGAAG-1,2,CMO307|CMO308,7171|1959,CellPlex
CTAGGTAAGGGTAGCT-1,2,CMO307|CMO308,586|1042,CellPlex
CTCCATGAGGGAGGAC-1,2,CMO307|CMO308,3954|1010,CellPlex
GATCGTAGTACTCCGG-1,2,CMO307|CMO308,1298|1345,CellPlex
GATGCTAGTTGCCGCA-1,2,CMO307|CMO308,1411|5182,CellPlex
GGTAACTCAAGAATAC-1,2,CMO307|CMO308,938|1709,CellPlex
GGTTAACTCACAACCA-1,2,CMO307|CMO308,542|1473,CellPlex
GTAAGTCGTGCTTCAA-1,2,CMO307|CMO308,8207|1298,CellPlex
GTAGAAAAGTCAGCCC-1,2,CMO307|CMO308,5603|1530,CellPlex
GTAGATCAGACTACCT-1,2,CMO307|CMO308,1387|1574,CellPlex
GTCACTCTCACGTCCT-1,2,CMO307|CMO308,1082|2733,CellPlex
GTCGAATAGGTCATCT-1,2,CMO307|CMO308,569|1424,CellPlex
GTGATGTCATAATCGC-1,2,CMO307|CMO308,4341|1375,CellPlex
GTGCTTCCAGGTGTGA-1,2,CMO307|CMO308,626|2271,CellPlex
GTGCTTCTCGACCATA-1,2,CMO307|CMO308,847|2191,CellPlex
GTTAGACAGACGTCCC-1,2,CMO307|CMO308,7992|2277,CellPlex
TAACGACCAGAGATGC-1,2,CMO307|CMO308,977|2387,CellPlex
TAAGCGTAGGACGGAG-1,2,CMO307|CMO308,991|2237,CellPlex
TACGGTAGTAGGTGCA-1,2,CMO307|CMO308,1231|1522,CellPlex
TACTTACGTGAGCAGT-1,2,CMO307|CMO308,1064|2114,CellPlex
TCAATTCAGGTCGTGA-1,2,CMO307|CMO308,1090|1600,CellPlex
TCACGCTAGCATGATA-1,2,CMO307|CMO308,709|969,CellPlex
TCAGCCTAGCTAGATA-1,2,CMO307|CMO308,691|2093,CellPlex
TCATGTTGTGCCGTAC-1,2,CMO307|CMO308,772|1725,CellPlex
TCCGAAATCCTACAAG-1,2,CMO307|CMO308,926|5831,CellPlex
TCCTTCTTCTCGGCTT-1,2,CMO307|CMO308,1147|1476,CellPlex
TCCTTTCAGCCACCGT-1,2,CMO307|CMO308,1107|1392,CellPlex
TGAATCGAGGCTAAAT-1,2,CMO307|CMO308,6086|2466,CellPlex
TGACGCGCACCCAATA-1,2,CMO307|CMO308,716|2266,CellPlex
TGTAGACAGAAGTCCG-1,2,CMO307|CMO308,1818|1775,CellPlex
TGTGCGGTCGGTTCAA-1,2,CMO307|CMO308,570|2040,CellPlex
TGTGTGACAGAGTGAC-1,2,CMO307|CMO308,18972|1649,CellPlex
TGTTCATCAACGTAAA-1,2,CMO307|CMO308,947|1089,CellPlex
TTACCGCCATCGGAGA-1,2,CMO307|CMO308,579|3633,CellPlex
TTCTGTAAGCACGATG-1,2,CMO307|CMO308,1121|3216,CellPlex
TTGGGCGTCATAAGGA-1,2,CMO307|CMO308,3710|854,CellPlex
TTGTGGATCCGATAAC-1,2,CMO307|CMO308,6415|2902,CellPlex
TTTCACAGTTTGAAAG-1,2,CMO307|CMO308,837|2183,CellPlex
TTTCGATCAGACAAAT-1,2,CMO307|CMO308,549|2049,CellPlex
AAACGCTCACGCTATA-1,2,MULTI_2|MULTI_3,965|375,MULTI-Seq
AAACGCTTCTGTCGCT-1,2,MULTI_2|MULTI_3,411|513,MULTI-Seq
AAAGAACTCAGGTAAA-1,2,MULTI_2|MULTI_3,1501|702,MULTI-Seq
AAGAACAAGTAGCAAT-1,2,MULTI_2|MULTI_3,765|3202,MULTI-Seq
AAGGAATAGACTTCAC-1,2,MULTI_2|MULTI_3,1195|439,MULTI-Seq
AATGGCTGTAGCGTCC-1,2,MULTI_2|MULTI_3,844|709,MULTI-Seq
ACAAGCTCATCCTTGC-1,2,MULTI_2|MULTI_3,1474|800,MULTI-Seq
ACCAAACTCCCATAAG-1,2,MULTI_2|MULTI_3,501|1769,MULTI-Seq
ACCCTCAAGCCGTAAG-1,2,MULTI_2|MULTI_3,589|538,MULTI-Seq
ACCCTCACAGCTCTGG-1,2,MULTI_2|MULTI_3,3629|357,MULTI-Seq
ACCTGTCGTCTACGTA-1,2,MULTI_2|MULTI_3,3362|562,MULTI-Seq
ACGCACGGTGTTTGCA-1,2,MULTI_2|MULTI_3,4867|435,MULTI-Seq
ACGGTCGCAATAGTCC-1,2,MULTI_2|MULTI_3,1845|447,MULTI-Seq
ACGTTCCGTTCCGCGA-1,2,MULTI_2|MULTI_3,2024|332,MULTI-Seq
ACTACGATCGCCGAGT-1,2,MULTI_2|MULTI_3,3876|1882,MULTI-Seq
ACTCCCAGTCATCACA-1,2,MULTI_2|MULTI_3,559|2324,MULTI-Seq
ACTGTGATCGCTAATG-1,2,MULTI_2|MULTI_3,3865|530,MULTI-Seq
AGACACTTCTAGTGAC-1,2,MULTI_2|MULTI_3,682|243,MULTI-Seq
AGATCGTAGCGTGAAC-1,2,MULTI_2|MULTI_3,3580|691,MULTI-Seq
AGATGAAGTGCGGCTT-1,2,MULTI_2|MULTI_3,3377|544,MULTI-Seq
AGATGCTTCACTGGGC-1,2,MULTI_2|MULTI_3,1173|519,MULTI-Seq
AGCATCACATAGCACT-1,2,MULTI_2|MULTI_3,824|474,MULTI-Seq
AGCCAATAGTTGCGAG-1,2,MULTI_2|MULTI_3,3852|1306,MULTI-Seq
AGCGTATGTACAGTTC-1,2,MULTI_2|MULTI_3,3229|982,MULTI-Seq
AGCGTCGGTACTGAGG-1,2,MULTI_2|MULTI_3,1327|452,MULTI-Seq
AGGATAAGTTCGGACC-1,2,MULTI_2|MULTI_3,518|658,MULTI-Seq
AGGGAGTCAATACCTG-1,2,MULTI_2|MULTI_3,850|501,MULTI-Seq
AGGGCTCCAGCACAAG-1,2,MULTI_2|MULTI_3,1171|2066,MULTI-Seq
AGGTAGGGTGGACCTC-1,2,MULTI_2|MULTI_3,1867|2329,MULTI-Seq
AGGTGTTGTTCTCACC-1,2,MULTI_2|MULTI_3,1816|386,MULTI-Seq
AGTAGCTTCGCTCTCA-1,2,MULTI_2|MULTI_3,992|472,MULTI-Seq
AGTAGTCAGTATTAGG-1,2,MULTI_2|MULTI_3,1132|356,MULTI-Seq
AGTGCCGCAGTAGATA-1,2,MULTI_2|MULTI_3,709|1631,MULTI-Seq
AGTTCCCAGGCCCAAA-1,2,MULTI_2|MULTI_3,964|2244,MULTI-Seq
AGTTCCCCACTTCATT-1,2,MULTI_2|MULTI_3,2401|405,MULTI-Seq
ATACTTCCATGACTTG-1,2,MULTI_2|MULTI_3,810|810,MULTI-Seq
ATAGAGACACTTGAGT-1,2,MULTI_2|MULTI_3,1094|491,MULTI-Seq
ATCACAGCAGGGCTTC-1,2,MULTI_2|MULTI_3,881|439,MULTI-Seq
ATCGTCCCACCATAAC-1,2,MULTI_2|MULTI_3,2480|987,MULTI-Seq
ATGCATGAGTAATCCC-1,2,MULTI_2|MULTI_3,1104|772,MULTI-Seq
ATGGGTTAGAGTTGCG-1,2,MULTI_2|MULTI_3,909|1736,MULTI-Seq
ATTTACCAGACGCCAA-1,2,MULTI_2|MULTI_3,1228|431,MULTI-Seq
CAAAGAATCCTGGGTG-1,2,MULTI_2|MULTI_3,4977|809,MULTI-Seq
CAAGCTAGTCTCGACG-1,2,MULTI_2|MULTI_3,3191|716,MULTI-Seq
CACAACAGTGAGTAGC-1,2,MULTI_2|MULTI_3,4044|223,MULTI-Seq
CACACAACAATACGAA-1,2,MULTI_2|MULTI_3,3641|675,MULTI-Seq
CACAGGCGTCTTTCAT-1,2,MULTI_2|MULTI_3,1239|1048,MULTI-Seq
CACGTGGGTGTCATTG-1,2,MULTI_2|MULTI_3,4666|946,MULTI-Seq
CACGTTCCAGCTTCGG-1,2,MULTI_2|MULTI_3,528|1538,MULTI-Seq
CACTAAGAGGAGAGTA-1,2,MULTI_2|MULTI_3,1497|577,MULTI-Seq
CAGATCAAGAAGCCAC-1,2,MULTI_2|MULTI_3,1142|524,MULTI-Seq
CAGCGTGCACGTACTA-1,2,MULTI_2|MULTI_3,1461|1499,MULTI-Seq
CATAAGCAGCAAATCA-1,2,MULTI_2|MULTI_3,4009|304,MULTI-Seq
CATAAGCCACCTGCTT-1,2,MULTI_2|MULTI_3,3531|370,MULTI-Seq
CATACCCGTCTGGTTA-1,2,MULTI_2|MULTI_3,2088|3413,MULTI-Seq
CATAGACGTCAACACT-1,2,MULTI_2|MULTI_3,444|1863,MULTI-Seq
CATCGCTGTACCCACG-1,2,MULTI_2|MULTI_3,554|379,MULTI-Seq
CATGAGTCATGCACTA-1,2,MULTI_2|MULTI_3,1374|2393,MULTI-Seq
CCAAGCGGTGTTAAAG-1,2,MULTI_2|MULTI_3,6578|7521,MULTI-Seq
CCAATTTCACCTCGTT-1,2,MULTI_2|MULTI_3,1679|393,MULTI-Seq
CCACGTTAGAACAAGG-1,2,MULTI_2|MULTI_3,2280|618,MULTI-Seq
CCACGTTTCGGTGTAT-1,2,MULTI_2|MULTI_3,1089|707,MULTI-Seq
CCCATTGCACGTTCGG-1,2,MULTI_2|MULTI_3,547|671,MULTI-Seq
CCGGACAAGCTAATGA-1,2,MULTI_2|MULTI_3,2204|761,MULTI-Seq
CCGGGTATCGAGAATA-1,2,MULTI_2|MULTI_3,2508|664,MULTI-Seq
CCGTAGGTCAGACATC-1,2,MULTI_2|MULTI_3,1860|1282,MULTI-Seq
CCTCCAACACCATAAC-1,2,MULTI_2|MULTI_3,1388|4012,MULTI-Seq
CCTCTCCTCTCATTAC-1,2,MULTI_2|MULTI_3,1097|475,MULTI-Seq
CGAGAAGCACAGCCAC-1,2,MULTI_2|MULTI_3,1326|3191,MULTI-Seq
CGCAGGTGTTGGAGAC-1,2,MULTI_2|MULTI_3,903|967,MULTI-Seq
CGCAGGTTCGACACCG-1,2,MULTI_2|MULTI_3,3158|1574,MULTI-Seq
CGCGTGAAGACTTAAG-1,2,MULTI_2|MULTI_3,1712|719,MULTI-Seq
CGCGTGACAAAGTGTA-1,2,MULTI_2|MULTI_3,747|632,MULTI-Seq
CGGGTGTCATGACGGA-1,2,MULTI_2|MULTI_3,574|1791,MULTI-Seq
CGTAATGTCAGTGTTG-1,2,MULTI_2|MULTI_3,3749|664,MULTI-Seq
CGTTCTGCAGATCCAT-1,2,MULTI_2|MULTI_3,1056|578,MULTI-Seq
CTAACTTGTCATTCCC-1,2,MULTI_2|MULTI_3,1722|481,MULTI-Seq
CTACCCATCTGTTCAT-1,2,MULTI_2|MULTI_3,924|1717,MULTI-Seq
CTACTATGTGGGCTCT-1,2,MULTI_2|MULTI_3,772|2661,MULTI-Seq
CTAGGTAAGCGCCGTT-1,2,MULTI_2|MULTI_3,597|366,MULTI-Seq
CTATCCGGTATCGGTT-1,2,MULTI_2|MULTI_3,765|714,MULTI-Seq
CTCATCGCACTCATAG-1,2,MULTI_2|MULTI_3,1451|383,MULTI-Seq
CTCCCAATCAGTGATC-1,2,MULTI_2|MULTI_3,1716|626,MULTI-Seq
CTCCTCCGTGGGCTCT-1,2,MULTI_2|MULTI_3,1333|784,MULTI-Seq
CTCTCAGCATCCTTCG-1,2,MULTI_2|MULTI_3,1304|1230,MULTI-Seq
CTGAGCGGTACTCCCT-1,2,MULTI_2|MULTI_3,1066|469,MULTI-Seq
CTGAGGCCATGCAGCC-1,2,MULTI_2|MULTI_3,1777|535,MULTI-Seq
CTGATCCAGCTAGAGC-1,2,MULTI_2|MULTI_3,2414|631,MULTI-Seq
CTGTACCGTGCCGAAA-1,2,MULTI_2|MULTI_3,2646|520,MULTI-Seq
CTTACCGGTTGTTGAC-1,2,MULTI_2|MULTI_3,943|556,MULTI-Seq
CTTCCGACAGTTCCAA-1,2,MULTI_2|MULTI_3,902|1048,MULTI-Seq
CTTCGGTCAGCTACTA-1,2,MULTI_2|MULTI_3,1578|873,MULTI-Seq
CTTCTAATCTCGTCAC-1,2,MULTI_2|MULTI_3,5346|291,MULTI-Seq
GAAACCTAGAAGAACG-1,2,MULTI_2|MULTI_3,908|626,MULTI-Seq
GAAATGAGTTAACCTG-1,2,MULTI_2|MULTI_3,971|1530,MULTI-Seq
GAACACTAGTAGCTCT-1,2,MULTI_2|MULTI_3,1128|445,MULTI-Seq
GAAGCGACACGTCTCT-1,2,MULTI_2|MULTI_3,935|686,MULTI-Seq
GAAGGACAGACCGTTT-1,2,MULTI_2|MULTI_3,581|997,MULTI-Seq
GAAGGACAGTCGCGAA-1,2,MULTI_2|MULTI_3,697|365,MULTI-Seq
GAAGGACGTTAACCTG-1,2,MULTI_2|MULTI_3,1853|3738,MULTI-Seq
GACCGTGAGCTCACTA-1,2,MULTI_2|MULTI_3,969|485,MULTI-Seq
GACCTTCCACGACAGA-1,2,MULTI_2|MULTI_3,1319|994,MULTI-Seq
GACTCTCTCAGGGTAG-1,2,MULTI_2|MULTI_3,2634|794,MULTI-Seq
GACTTCCGTGCAGGAT-1,2,MULTI_2|MULTI_3,947|572,MULTI-Seq
GAGAAATGTCTGCATA-1,2,MULTI_2|MULTI_3,1239|1553,MULTI-Seq
GAGATGGGTATTGCCA-1,2,MULTI_2|MULTI_3,950|1042,MULTI-Seq
GAGCCTGGTGTGGACA-1,2,MULTI_2|MULTI_3,1393|3057,MULTI-Seq
GAGCTGCAGAAGCGAA-1,2,MULTI_2|MULTI_3,1419|485,MULTI-Seq
GAGGGTACAACTTCTT-1,2,MULTI_2|MULTI_3,4185|447,MULTI-Seq
GAGGGTATCACGATCA-1,2,MULTI_2|MULTI_3,1227|812,MULTI-Seq
GAGTCATCATTGCCGG-1,2,MULTI_2|MULTI_3,367|1764,MULTI-Seq
GAGTCATGTTGCGTAT-1,2,MULTI_2|MULTI_3,908|550,MULTI-Seq
GATAGAATCACTCACC-1,2,MULTI_2|MULTI_3,949|3025,MULTI-Seq
GATAGCTTCCATTCGC-1,2,MULTI_2|MULTI_3,1051|622,MULTI-Seq
GATGCTATCTAGACAC-1,2,MULTI_2|MULTI_3,1898|1555,MULTI-Seq
GATGTTGTCAGCGCGT-1,2,MULTI_2|MULTI_3,3154|794,MULTI-Seq
GCAACCGAGTCTAACC-1,2,MULTI_2|MULTI_3,355|1310,MULTI-Seq
GCAACCGGTCAAGCGA-1,2,MULTI_2|MULTI_3,650|2053,MULTI-Seq
GCACATACAGAGACTG-1,2,MULTI_2|MULTI_3,3753|536,MULTI-Seq
GCAGCTGAGTCTCGTA-1,2,MULTI_2|MULTI_3,894|656,MULTI-Seq
GCAGCTGGTTCGGCGT-1,2,MULTI_2|MULTI_3,1311|432,MULTI-Seq
GCAGGCTAGTGGACGT-1,2,MULTI_2|MULTI_3,1221|1068,MULTI-Seq
GCAGTTAGTCTAACGT-1,2,MULTI_2|MULTI_3,714|1545,MULTI-Seq
GCATTAGCACCTTCGT-1,2,MULTI_2|MULTI_3,5617|1235,MULTI-Seq
GCATTAGGTGTTTACG-1,2,MULTI_2|MULTI_3,3529|2054,MULTI-Seq
GCCCGAAGTATCAAGA-1,2,MULTI_2|MULTI_3,3929|679,MULTI-Seq
GCCGTGACACTGGATT-1,2,MULTI_2|MULTI_3,1206|2727,MULTI-Seq
GCTACAAAGCCTGTGC-1,2,MULTI_2|MULTI_3,3083|239,MULTI-Seq
GCTACAAGTGTGTGGA-1,2,MULTI_2|MULTI_3,1055|1091,MULTI-Seq
GCTGCAGCAGAGGCTA-1,2,MULTI_2|MULTI_3,1024|501,MULTI-Seq
GCTTGGGTCCATTTGT-1,2,MULTI_2|MULTI_3,3719|397,MULTI-Seq
GGAATGGCAGGAGGAG-1,2,MULTI_2|MULTI_3,1154|533,MULTI-Seq
GGAGCAACACTTGTCC-1,2,MULTI_2|MULTI_3,2632|633,MULTI-Seq
GGATCTAGTCAGGAGT-1,2,MULTI_2|MULTI_3,555|805,MULTI-Seq
GGCTTGGTCGGCATTA-1,2,MULTI_2|MULTI_3,2053|304,MULTI-Seq
GGGAGATCAGCTGAGA-1,2,MULTI_2|MULTI_3,1202|633,MULTI-Seq
GGGAGATGTGGTACAG-1,2,MULTI_2|MULTI_3,2803|1400,MULTI-Seq
GGGAGTACAGTCAGCC-1,2,MULTI_2|MULTI_3,707|640,MULTI-Seq
GGGTAGAAGACTACGG-1,2,MULTI_2|MULTI_3,1003|676,MULTI-Seq
GGGTCACTCTAGTACG-1,2,MULTI_2|MULTI_3,3784|1267,MULTI-Seq
GGGTCTGAGGTTTACC-1,2,MULTI_2|MULTI_3,1078|1814,MULTI-Seq
GGGTGAAGTCCACACG-1,2,MULTI_2|MULTI_3,2991|524,MULTI-Seq
GGTAACTTCGGTGAAG-1,2,MULTI_2|MULTI_3,1626|412,MULTI-Seq
GGTCACGGTGCTTATG-1,2,MULTI_2|MULTI_3,2694|497,MULTI-Seq
GGTGATTGTTTGGGTT-1,2,MULTI_2|MULTI_3,3067|1037,MULTI-Seq
GGTTAACGTATGCAAA-1,2,MULTI_2|MULTI_3,3307|585,MULTI-Seq
GGTTCTCGTATGCTTG-1,2,MULTI_2|MULTI_3,816|810,MULTI-Seq
GGTTCTCTCCATCCGT-1,2,MULTI_2|MULTI_3,1078|630,MULTI-Seq
GTATTGGTCAAGTGGG-1,2,MULTI_2|MULTI_3,602|251,MULTI-Seq
GTCAAGTAGACAAGCC-1,2,MULTI_2|MULTI_3,1557|557,MULTI-Seq
GTCAGCGGTTTACGTG-1,2,MULTI_2|MULTI_3,1249|611,MULTI-Seq
GTCATGATCCCAGCGA-1,2,MULTI_2|MULTI_3,896|886,MULTI-Seq
GTCCCATGTGTTTGCA-1,2,MULTI_2|MULTI_3,1448|881,MULTI-Seq
GTGAGGACATCTGGGC-1,2,MULTI_2|MULTI_3,1491|1974,MULTI-Seq
GTGCTGGCAACTCCAA-1,2,MULTI_2|MULTI_3,801|499,MULTI-Seq
GTGTGGCGTAACAGGC-1,2,MULTI_2|MULTI_3,834|2179,MULTI-Seq
GTTCATTTCTCATGGA-1,2,MULTI_2|MULTI_3,2250|487,MULTI-Seq
GTTCGCTAGACTGTTC-1,2,MULTI_2|MULTI_3,450|452,MULTI-Seq
GTTGCGGGTATCAAGA-1,2,MULTI_2|MULTI_3,1535|1071,MULTI-Seq
TAATTCCAGCGTGAAC-1,2,MULTI_2|MULTI_3,843|461,MULTI-Seq
TACACCCTCTTCCTAA-1,2,MULTI_2|MULTI_3,8827|2501,MULTI-Seq
TACAGGTAGAAGTCCG-1,2,MULTI_2|MULTI_3,2858|683,MULTI-Seq
TACCGAATCGCTTGAA-1,2,MULTI_2|MULTI_3,1917|860,MULTI-Seq
TACGCTCCACAGCCTG-1,2,MULTI_2|MULTI_3,2217|940,MULTI-Seq
TACGGTATCGGTCATA-1,2,MULTI_2|MULTI_3,4976|1069,MULTI-Seq
TACGTCCGTGGACCTC-1,2,MULTI_2|MULTI_3,3023|792,MULTI-Seq
TACTGCCGTATGGGAC-1,2,MULTI_2|MULTI_3,1051|1698,MULTI-Seq
TACTTCACAGAAGCTG-1,2,MULTI_2|MULTI_3,1641|699,MULTI-Seq
TAGGTACCAGGACTAG-1,2,MULTI_2|MULTI_3,2319|1167,MULTI-Seq
TAGGTACTCACTCTTA-1,2,MULTI_2|MULTI_3,2249|759,MULTI-Seq
TAGTGCAAGGTCATTC-1,2,MULTI_2|MULTI_3,583|2220,MULTI-Seq
TATTGCTGTACCGTGC-1,2,MULTI_2|MULTI_3,328|335,MULTI-Seq
TATTGGGCACGCGCAT-1,2,MULTI_2|MULTI_3,4761|229,MULTI-Seq
TATTGGGGTGAGTTTC-1,2,MULTI_2|MULTI_3,1325|899,MULTI-Seq
TATTTCGCAACACGTT-1,2,MULTI_2|MULTI_3,933|920,MULTI-Seq
TCAAGCACATGGCACC-1,2,MULTI_2|MULTI_3,899|599,MULTI-Seq
TCACGCTGTGATACCT-1,2,MULTI_2|MULTI_3,858|499,MULTI-Seq
TCATATCCATCCGGCA-1,2,MULTI_2|MULTI_3,1667|1725,MULTI-Seq
TCATGAGCAACGTATC-1,2,MULTI_2|MULTI_3,3020|308,MULTI-Seq
TCCGAAAGTCCTGGTG-1,2,MULTI_2|MULTI_3,1334|589,MULTI-Seq
TCGAAGTCACGACGAA-1,2,MULTI_2|MULTI_3,1933|794,MULTI-Seq
TCGACCTAGGGCTGAT-1,2,MULTI_2|MULTI_3,612|184,MULTI-Seq
TCGCAGGGTGGCTCTG-1,2,MULTI_2|MULTI_3,3420|801,MULTI-Seq
TCGGGACTCCATCTGC-1,2,MULTI_2|MULTI_3,988|441,MULTI-Seq
TCTAACTGTAGGCAAC-1,2,MULTI_2|MULTI_3,1354|626,MULTI-Seq
TCTACATCATCCAATG-1,2,MULTI_2|MULTI_3,2312|365,MULTI-Seq
TCTCAGCTCTGAATCG-1,2,MULTI_2|MULTI_3,1820|523,MULTI-Seq
TGAGGAGTCACTGTCC-1,2,MULTI_2|MULTI_3,1664|2608,MULTI-Seq
TGAGTCACACATTCGA-1,2,MULTI_2|MULTI_3,3346|745,MULTI-Seq
TGCACGGGTGGTATGG-1,2,MULTI_2|MULTI_3,1963|1740,MULTI-Seq
TGCAGATGTCCAGCAC-1,2,MULTI_2|MULTI_3,1323|1453,MULTI-Seq
TGCAGTAGTTGCCGAC-1,2,MULTI_2|MULTI_3,1375|1515,MULTI-Seq
TGCCGAGGTTAAGGGC-1,2,MULTI_2|MULTI_3,5075|267,MULTI-Seq
TGCTTGCCAACGTATC-1,2,MULTI_2|MULTI_3,1891|1805,MULTI-Seq
TGGATCAAGTGATCGG-1,2,MULTI_2|MULTI_3,1851|810,MULTI-Seq
TGGGAAGCAGTGCCTG-1,2,MULTI_2|MULTI_3,2068|1382,MULTI-Seq
TGGGATTTCTTACCAT-1,2,MULTI_2|MULTI_3,707|665,MULTI-Seq
TGTCCCAAGCTGACCC-1,2,MULTI_2|MULTI_3,1740|630,MULTI-Seq
TGTTACTAGCACCAGA-1,2,MULTI_2|MULTI_3,3136|1676,MULTI-Seq
TGTTCTACACAATGTC-1,2,MULTI_2|MULTI_3,889|2474,MULTI-Seq
TGTTCTACAGGTCCCA-1,2,MULTI_2|MULTI_3,2306|404,MULTI-Seq
TGTTGGAAGGACACTG-1,2,MULTI_2|MULTI_3,3116|777,MULTI-Seq
TGTTTGTGTCTGCGCA-1,2,MULTI_2|MULTI_3,3760|1231,MULTI-Seq
TTCATGTCAGCTCCTT-1,2,MULTI_2|MULTI_3,1184|369,MULTI-Seq
TTGCGTCAGGTGTGAC-1,2,MULTI_2|MULTI_3,1956|421,MULTI-Seq
TTGCGTCGTTCCAGGC-1,2,MULTI_2|MULTI_3,1115|773,MULTI-Seq
TTGCTGCAGGGAGAAT-1,2,MULTI_2|MULTI_3,927|541,MULTI-Seq
TTGGTTTCATGAGATA-1,2,MULTI_2|MULTI_3,3757|646,MULTI-Seq
TTTACGTCAATGACCT-1,2,MULTI_2|MULTI_3,1209|3336,MULTI-Seq
TTTCACAGTTAAAGTG-1,2,MULTI_2|MULTI_3,3250|3438,MULTI-Seq
TTTCATGCACCCTCTA-1,2,MULTI_2|MULTI_3,535|1951,MULTI-Seq
TTTGATCGTTCTAACG-1,2,MULTI_2|MULTI_3,449|543,MULTI-Seq
TTTGATCTCTAAGCCA-1,2,MULTI_2|MULTI_3,1574|646,MULTI-Seq
AAAGGGCGTAGTTAGA-1,2,MULTI_4|MULTI_5,4987|1973,MULTI-Seq
AAGACTCGTATCACCA-1,2,MULTI_4|MULTI_5,7862|2280,MULTI-Seq
AAGATAGAGATTGATG-1,2,MULTI_4|MULTI_5,4478|1466,MULTI-Seq
ACATGCATCAAGCCAT-1,2,MULTI_4|MULTI_5,6045|4339,MULTI-Seq
ACATTTCGTATCGATC-1,2,MULTI_4|MULTI_5,1653|682,MULTI-Seq
ACGGGTCCACCAATTG-1,2,MULTI_4|MULTI_5,7083|954,MULTI-Seq
AGCCACGGTATTAAGG-1,2,MULTI_4|MULTI_5,2523|912,MULTI-Seq
AGTGCCGCAGCATCTA-1,2,MULTI_4|MULTI_5,1794|1839,MULTI-Seq
ATTCACTAGTTCATCG-1,2,MULTI_4|MULTI_5,4555|1942,MULTI-Seq
CATCGGGAGGTCCAGA-1,2,MULTI_4|MULTI_5,2886|12459,MULTI-Seq
CCATCACGTCAGGAGT-1,2,MULTI_4|MULTI_5,5770|2087,MULTI-Seq
CCCGGAACAAGCGGAT-1,2,MULTI_4|MULTI_5,2742|920,MULTI-Seq
CCGGACACACTAGGCC-1,2,MULTI_4|MULTI_5,4345|5589,MULTI-Seq
CCGGTGAAGTGCCAGA-1,2,MULTI_4|MULTI_5,3173|1558,MULTI-Seq
CGAGAAGAGCACTCGC-1,2,MULTI_4|MULTI_5,7472|667,MULTI-Seq
CGAGTGCTCACGGAGA-1,2,MULTI_4|MULTI_5,9449|1839,MULTI-Seq
CGGCAGTAGCTGTGCC-1,2,MULTI_4|MULTI_5,15608|2260,MULTI-Seq
CGTCAAACAGCACAAG-1,2,MULTI_4|MULTI_5,7840|3664,MULTI-Seq
CGTTAGACATACACCA-1,2,MULTI_4|MULTI_5,1751|1611,MULTI-Seq
CTACTATCAATCGAAA-1,2,MULTI_4|MULTI_5,1139|5119,MULTI-Seq
CTATCCGGTAACATGA-1,2,MULTI_4|MULTI_5,7688|1104,MULTI-Seq
CTGTACCGTTGTCAGT-1,2,MULTI_4|MULTI_5,5210|992,MULTI-Seq
GAATCACTCACGGGCT-1,2,MULTI_4|MULTI_5,3344|8659,MULTI-Seq
GACGCTGTCAATCCGA-1,2,MULTI_4|MULTI_5,3351|1315,MULTI-Seq
GAGACCCCAGAACATA-1,2,MULTI_4|MULTI_5,2893|2023,MULTI-Seq
GAGAGGTAGGTAAGTT-1,2,MULTI_4|MULTI_5,4955|6248,MULTI-Seq
GATAGAAAGATGCTGG-1,2,MULTI_4|MULTI_5,2079|1962,MULTI-Seq
GCGTTTCGTATGGAAT-1,2,MULTI_4|MULTI_5,2159|2020,MULTI-Seq
GCTACCTGTGAATGTA-1,2,MULTI_4|MULTI_5,6165|4356,MULTI-Seq
GCTGCAGAGAGGACTC-1,2,MULTI_4|MULTI_5,5910|3202,MULTI-Seq
GGTGATTCATCTCCCA-1,2,MULTI_4|MULTI_5,6729|3357,MULTI-Seq
GTAGAAAAGACAACAT-1,2,MULTI_4|MULTI_5,2812|1286,MULTI-Seq
GTCAAGTCAAATTAGG-1,2,MULTI_4|MULTI_5,2597|1709,MULTI-Seq
GTGCACGGTGAAAGTT-1,2,MULTI_4|MULTI_5,1885|1781,MULTI-Seq
GTGCAGCAGTGTCATC-1,2,MULTI_4|MULTI_5,5939|1368,MULTI-Seq
GTTATGGTCACTAGCA-1,2,MULTI_4|MULTI_5,3990|3998,MULTI-Seq
TAAGTCGCAGTCGGAA-1,2,MULTI_4|MULTI_5,3206|1281,MULTI-Seq
TACCGAAAGTCTTCCC-1,2,MULTI_4|MULTI_5,1839|7749,MULTI-Seq
TACTGCCGTACAGTCT-1,2,MULTI_4|MULTI_5,5149|1897,MULTI-Seq
TATTCCAGTGCCGTAC-1,2,MULTI_4|MULTI_5,7139|1323,MULTI-Seq
TCAAGTGAGGTCATCT-1,2,MULTI_4|MULTI_5,10674|1482,MULTI-Seq
TCACATTGTCTTCAAG-1,2,MULTI_4|MULTI_5,1382|956,MULTI-Seq
TCACATTGTGATAGTA-1,2,MULTI_4|MULTI_5,3645|1554,MULTI-Seq
TCACTATAGGTGGGTT-1,2,MULTI_4|MULTI_5,1586|1219,MULTI-Seq
TCACTATAGTTCACTG-1,2,MULTI_4|MULTI_5,3645|1414,MULTI-Seq
TCTTGCGGTCACCTTC-1,2,MULTI_4|MULTI_5,2278|1994,MULTI-Seq
TGAGGGAGTCCAAAGG-1,2,MULTI_4|MULTI_5,3883|38527,MULTI-Seq
TGATTTCAGTCAACAA-1,2,MULTI_4|MULTI_5,4347|778,MULTI-Seq
TGCGACGGTCGCATCG-1,2,MULTI_4|MULTI_5,3554|13440,MULTI-Seq
TGCTTCGCAGGAACCA-1,2,MULTI_4|MULTI_5,4036|1178,MULTI-Seq
TGTCCACTCAAGCTGT-1,2,MULTI_4|MULTI_5,9810|6115,MULTI-Seq
TGTCCCACAGGAATAT-1,2,MULTI_4|MULTI_5,4150|2675,MULTI-Seq
TGTTTGTCAAACTCTG-1,2,MULTI_4|MULTI_5,3570|4357,MULTI-Seq
TTACGCCTCGTGGCGT-1,2,MULTI_4|MULTI_5,5487|1985,MULTI-Seq
TTCATGTCAGCCGTTG-1,2,MULTI_4|MULTI_5,4757|2248,MULTI-Seq
TTCATTGTCGTAGCCG-1,2,MULTI_4|MULTI_5,7106|4855,MULTI-Seq
TTCTGTAGTCCCACGA-1,2,MULTI_4|MULTI_5,3618|9592,MULTI-Seq
TTGGTTTAGTCACGAG-1,2,MULTI_4|MULTI_5,1158|3736,MULTI-Seq
TTGTGTTCAGTCTACA-1,2,MULTI_4|MULTI_5,3190|2060,MULTI-Seq
AAACGAATCAACCTTT-1,2,MULTI_8|MULTI_9,3196|1316,MULTI-Seq
AAAGGGCCACTCCGAG-1,2,MULTI_8|MULTI_9,5132|1371,MULTI-Seq
AACCACACACTCATAG-1,2,MULTI_8|MULTI_9,4421|1990,MULTI-Seq
AAGACTCCAGTCTCTC-1,2,MULTI_8|MULTI_9,1054|536,MULTI-Seq
AATGCCAGTAAGAACT-1,2,MULTI_8|MULTI_9,3885|1325,MULTI-Seq
ACACAGTCAGACACCC-1,2,MULTI_8|MULTI_9,4144|560,MULTI-Seq
ACACGCGGTGCTCTTC-1,2,MULTI_8|MULTI_9,3748|921,MULTI-Seq
ACATCGAAGTCACTCA-1,2,MULTI_8|MULTI_9,4658|862,MULTI-Seq
ACCTGAAGTTACGCCG-1,2,MULTI_8|MULTI_9,2832|1306,MULTI-Seq
ACCTGTCTCAGACATC-1,2,MULTI_8|MULTI_9,5316|2007,MULTI-Seq
ACGATCAAGAATAACC-1,2,MULTI_8|MULTI_9,6186|1537,MULTI-Seq
ACGTAGTAGTCTTCCC-1,2,MULTI_8|MULTI_9,2101|977,MULTI-Seq
ACGTAGTTCTTGGTGA-1,2,MULTI_8|MULTI_9,3543|1795,MULTI-Seq
ACTACGACATGTCTAG-1,2,MULTI_8|MULTI_9,8159|919,MULTI-Seq
ACTATGGGTGAATTGA-1,2,MULTI_8|MULTI_9,4152|2966,MULTI-Seq
AGCGCCAGTATGAAAC-1,2,MULTI_8|MULTI_9,2180|962,MULTI-Seq
AGGAAATTCATGGATC-1,2,MULTI_8|MULTI_9,7357|7393,MULTI-Seq
AGGAATATCTAGTACG-1,2,MULTI_8|MULTI_9,3614|1887,MULTI-Seq
AGGCATTTCCACGAAT-1,2,MULTI_8|MULTI_9,3059|1076,MULTI-Seq
AGTAGTCTCGTGCAGC-1,2,MULTI_8|MULTI_9,3508|428,MULTI-Seq
AGTCATGGTCTCTCCA-1,2,MULTI_8|MULTI_9,3367|339,MULTI-Seq
AGTGATCCACCTCTGT-1,2,MULTI_8|MULTI_9,5544|1376,MULTI-Seq
AGTGTTGGTTAGAGAT-1,2,MULTI_8|MULTI_9,3140|1573,MULTI-Seq
ATCACAGAGGCGAAGG-1,2,MULTI_8|MULTI_9,9689|1754,MULTI-Seq
ATCACGACATGGGTTT-1,2,MULTI_8|MULTI_9,1535|630,MULTI-Seq
ATCGGATAGGTAAACT-1,2,MULTI_8|MULTI_9,2041|1256,MULTI-Seq
CAACAGTCAACCGTGC-1,2,MULTI_8|MULTI_9,6155|2557,MULTI-Seq
CAACGATAGCCAGAGT-1,2,MULTI_8|MULTI_9,4722|2494,MULTI-Seq
CACGGGTGTCACTTAG-1,2,MULTI_8|MULTI_9,4472|908,MULTI-Seq
CAGGGCTCAATCTCTT-1,2,MULTI_8|MULTI_9,4555|1384,MULTI-Seq
CATGAGTAGACCCGCT-1,2,MULTI_8|MULTI_9,1344|575,MULTI-Seq
CATTCTATCGCCGTGA-1,2,MULTI_8|MULTI_9,3232|4387,MULTI-Seq
CATTGAGAGGTATAGT-1,2,MULTI_8|MULTI_9,4011|1716,MULTI-Seq
CCAATGAAGTTACGTC-1,2,MULTI_8|MULTI_9,2738|1083,MULTI-Seq
CCACCATGTCATCAGT-1,2,MULTI_8|MULTI_9,3221|4582,MULTI-Seq
CCCGGAATCATCACAG-1,2,MULTI_8|MULTI_9,2377|924,MULTI-Seq
CCGGTGAAGCACTAGG-1,2,MULTI_8|MULTI_9,3193|1019,MULTI-Seq
CCTACGTTCTCACTCG-1,2,MULTI_8|MULTI_9,4081|1236,MULTI-Seq
CGAGTTAGTAGATCGG-1,2,MULTI_8|MULTI_9,3279|1179,MULTI-Seq
CGCATAAGTTCCGCGA-1,2,MULTI_8|MULTI_9,4575|4604,MULTI-Seq
CGGGCATAGAGTACCG-1,2,MULTI_8|MULTI_9,1008|617,MULTI-Seq
CGGTCAGCATTAAAGG-1,2,MULTI_8|MULTI_9,1040|955,MULTI-Seq
CGTAAGTCAGACGGAT-1,2,MULTI_8|MULTI_9,2413|1124,MULTI-Seq
CGTGAATGTGAGCTCC-1,2,MULTI_8|MULTI_9,3475|704,MULTI-Seq
CGTGCTTGTTCCGCAG-1,2,MULTI_8|MULTI_9,1702|3319,MULTI-Seq
CGTTCTGAGAGGTCGT-1,2,MULTI_8|MULTI_9,7841|1161,MULTI-Seq
CTAAGTGGTCGTATTG-1,2,MULTI_8|MULTI_9,2317|820,MULTI-Seq
CTCAGGGAGACTCTAC-1,2,MULTI_8|MULTI_9,1476|604,MULTI-Seq
CTCATTACAACAGAGC-1,2,MULTI_8|MULTI_9,11200|975,MULTI-Seq
CTCCACACACACAGAG-1,2,MULTI_8|MULTI_9,2886|825,MULTI-Seq
CTCCTTTCAGGTCTCG-1,2,MULTI_8|MULTI_9,3543|1278,MULTI-Seq
CTCTCAGGTGAGTGAC-1,2,MULTI_8|MULTI_9,9529|583,MULTI-Seq
CTCTGGTTCCGATAAC-1,2,MULTI_8|MULTI_9,2034|361,MULTI-Seq
CTGAATGCAAGCGAGT-1,2,MULTI_8|MULTI_9,1578|849,MULTI-Seq
CTGAGCGGTCATCAGT-1,2,MULTI_8|MULTI_9,2132|862,MULTI-Seq
CTGTGAATCGGCCTTT-1,2,MULTI_8|MULTI_9,3250|2285,MULTI-Seq
CTTCTAAAGTGCAACG-1,2,MULTI_8|MULTI_9,2442|330,MULTI-Seq
GAACACTAGTTTGTCG-1,2,MULTI_8|MULTI_9,2604|442,MULTI-Seq
GAATCACCATTCCTAT-1,2,MULTI_8|MULTI_9,1292|1135,MULTI-Seq
GAATCGTTCCTCGCAT-1,2,MULTI_8|MULTI_9,1305|366,MULTI-Seq
GAGTCTATCAAGTCTG-1,2,MULTI_8|MULTI_9,4473|870,MULTI-Seq
GAGTTTGTCGTTCCCA-1,2,MULTI_8|MULTI_9,8022|1642,MULTI-Seq
GATAGCTAGTCGCGAA-1,2,MULTI_8|MULTI_9,3264|663,MULTI-Seq
GATCACATCTGTAAGC-1,2,MULTI_8|MULTI_9,1545|515,MULTI-Seq
GATCCCTAGCCTCTTC-1,2,MULTI_8|MULTI_9,4541|1249,MULTI-Seq
GCATCTCAGGCACGAT-1,2,MULTI_8|MULTI_9,8417|1377,MULTI-Seq
GCCATGGAGATGAACT-1,2,MULTI_8|MULTI_9,5878|1815,MULTI-Seq
GCGGAAAGTCACTCTC-1,2,MULTI_8|MULTI_9,10412|709,MULTI-Seq
GCTGCAGAGTGATCGG-1,2,MULTI_8|MULTI_9,5098|1790,MULTI-Seq
GCTGCAGGTTGCATAC-1,2,MULTI_8|MULTI_9,6653|796,MULTI-Seq
GCTTCACTCCTCACGT-1,2,MULTI_8|MULTI_9,1601|511,MULTI-Seq
GCTTGGGTCTCTCAAT-1,2,MULTI_8|MULTI_9,2917|850,MULTI-Seq
GGACGTCGTTGTACGT-1,2,MULTI_8|MULTI_9,1669|1388,MULTI-Seq
GGGAGATAGCAAGTCG-1,2,MULTI_8|MULTI_9,3620|1056,MULTI-Seq
GGGAGATCATACCATG-1,2,MULTI_8|MULTI_9,7050|2529,MULTI-Seq
GGGAGATGTTAACCTG-1,2,MULTI_8|MULTI_9,2349|1100,MULTI-Seq
GGGATGATCCTCTGCA-1,2,MULTI_8|MULTI_9,5409|1161,MULTI-Seq
GGGATGATCGTGGGTC-1,2,MULTI_8|MULTI_9,5894|1002,MULTI-Seq
GGGCCATCATAGATCC-1,2,MULTI_8|MULTI_9,18423|8127,MULTI-Seq
GGGCGTTGTGACGTCC-1,2,MULTI_8|MULTI_9,3413|2977,MULTI-Seq
GGGTATTCACTCACTC-1,2,MULTI_8|MULTI_9,2032|767,MULTI-Seq
GGTAATCCAGATTAAG-1,2,MULTI_8|MULTI_9,6398|8420,MULTI-Seq
GGTCACGTCGTCAACA-1,2,MULTI_8|MULTI_9,1557|897,MULTI-Seq
GGTTAACAGGAAGAAC-1,2,MULTI_8|MULTI_9,4125|759,MULTI-Seq
GTAATCGAGCGCCATC-1,2,MULTI_8|MULTI_9,3402|830,MULTI-Seq
GTCTACCCACCCTATC-1,2,MULTI_8|MULTI_9,3387|691,MULTI-Seq
GTGCTGGAGGTTCCGC-1,2,MULTI_8|MULTI_9,2535|770,MULTI-Seq
TAATTCCTCAGGAAGC-1,2,MULTI_8|MULTI_9,2873|933,MULTI-Seq
TACCCACGTCACTCAA-1,2,MULTI_8|MULTI_9,4167|1174,MULTI-Seq
TAGCACAGTTGCTCCT-1,2,MULTI_8|MULTI_9,4430|814,MULTI-Seq
TATCCTAAGATCCGAG-1,2,MULTI_8|MULTI_9,2498|1049,MULTI-Seq
TATTGCTGTTGAAGTA-1,2,MULTI_8|MULTI_9,11569|2038,MULTI-Seq
TCAAGTGTCTCTTCAA-1,2,MULTI_8|MULTI_9,9656|2812,MULTI-Seq
TCATATCAGGGAGGGT-1,2,MULTI_8|MULTI_9,2262|2354,MULTI-Seq
TCCATCGCAATTCGTG-1,2,MULTI_8|MULTI_9,996|596,MULTI-Seq
TCCCACATCTTCCAGC-1,2,MULTI_8|MULTI_9,4837|1638,MULTI-Seq
TCCGATCGTCACCTTC-1,2,MULTI_8|MULTI_9,2679|1079,MULTI-Seq
TCCGATCGTGGTCTTA-1,2,MULTI_8|MULTI_9,7790|1294,MULTI-Seq
TCGCACTAGACCACGA-1,2,MULTI_8|MULTI_9,5731|1005,MULTI-Seq
TCGCAGGTCTAAGCCA-1,2,MULTI_8|MULTI_9,3096|1104,MULTI-Seq
TCGCTTGGTCATCGCG-1,2,MULTI_8|MULTI_9,5550|2145,MULTI-Seq
TCGGGTGCATGCAGGA-1,2,MULTI_8|MULTI_9,8166|3160,MULTI-Seq
TCTCACGAGTCAGGGT-1,2,MULTI_8|MULTI_9,4578|778,MULTI-Seq
TCTTAGTGTCAACGCC-1,2,MULTI_8|MULTI_9,2420|1142,MULTI-Seq
TCTTCCTAGCCATTGT-1,2,MULTI_8|MULTI_9,2452|862,MULTI-Seq
TCTTGCGCAATTCTTC-1,2,MULTI_8|MULTI_9,2922|514,MULTI-Seq
TCTTGCGCATAGAATG-1,2,MULTI_8|MULTI_9,3248|455,MULTI-Seq
TGAGACTGTCCTGTTC-1,2,MULTI_8|MULTI_9,2563|1533,MULTI-Seq
TGAGACTTCTTACACT-1,2,MULTI_8|MULTI_9,3590|1950,MULTI-Seq
TGATCAGCACCCTGTT-1,2,MULTI_8|MULTI_9,10731|1307,MULTI-Seq
TGCCGAGTCTTACGGA-1,2,MULTI_8|MULTI_9,1336|807,MULTI-Seq
TGCGGCAGTGCCTGCA-1,2,MULTI_8|MULTI_9,3317|1200,MULTI-Seq
TGGAGGAAGTCTCCTC-1,2,MULTI_8|MULTI_9,1492|3026,MULTI-Seq
TGGGAAGGTGGCGCTT-1,2,MULTI_8|MULTI_9,3122|1034,MULTI-Seq
TGGTTAGAGTGGAAAG-1,2,MULTI_8|MULTI_9,2435|1690,MULTI-Seq
TGTAACGAGCAGCACA-1,2,MULTI_8|MULTI_9,1016|714,MULTI-Seq
TGTGATGAGGTGCTGA-1,2,MULTI_8|MULTI_9,11488|1046,MULTI-Seq
TGTTCATTCGATACGT-1,2,MULTI_8|MULTI_9,1326|1712,MULTI-Seq
TGTTCCGCAGAGGTTG-1,2,MULTI_8|MULTI_9,12021|765,MULTI-Seq
TTACAGGCAGAATGTA-1,2,MULTI_8|MULTI_9,4207|1140,MULTI-Seq
TTACAGGCATTAGGAA-1,2,MULTI_8|MULTI_9,3479|2298,MULTI-Seq
TTAGGCACAGGAGGAG-1,2,MULTI_8|MULTI_9,2385|1916,MULTI-Seq
TTCGATTGTCTCGACG-1,2,MULTI_8|MULTI_9,15730|357,MULTI-Seq
TTCGATTTCAGTGTTG-1,2,MULTI_8|MULTI_9,3646|624,MULTI-Seq
TTCTGTATCCAGCAAT-1,2,MULTI_8|MULTI_9,2554|1078,MULTI-Seq
TTGCGTCCATGGGATG-1,2,MULTI_8|MULTI_9,5552|1153,MULTI-Seq
TTGGGCGAGGGAGGGT-1,2,MULTI_8|MULTI_9,2349|2219,MULTI-Seq
TTGGGTATCTTTGCAT-1,2,MULTI_8|MULTI_9,4957|634,MULTI-Seq
TTGTGGAAGGAACGTC-1,2,MULTI_8|MULTI_9,1582|1981,MULTI-Seq
TTTACGTAGCCTGCCA-1,2,MULTI_8|MULTI_9,6602|1106,MULTI-Seq
